Date,Close
2012-05-07,0.0
2012-05-08,-0.1304347715146218
2012-05-09,0.0
2012-05-10,0.0
2012-05-11,0.010000008803147553
2012-05-14,0.019801997457401077
2012-05-15,-0.019417492323776653
2012-05-16,0.0
2012-05-17,-0.06930691846767423
2012-05-18,0.0
2012-05-21,0.0
2012-05-22,0.0
2012-05-23,0.0
2012-05-24,0.0
2012-05-25,0.0
2012-05-29,0.0
2012-05-30,0.0
2012-05-31,0.06382976398746365
2012-06-01,-0.25
2012-06-04,0.33333333333333326
2012-06-05,-0.010000008803147553
2012-06-06,0.0
2012-06-07,0.0
2012-06-08,0.0
2012-06-11,0.0
2012-06-12,0.0
2012-06-13,0.0
2012-06-14,0.0
2012-06-15,0.0
2012-06-18,0.0
2012-06-19,0.0
2012-06-20,0.0
2012-06-21,0.0
2012-06-22,0.0
2012-06-25,-0.4848484713756541
2012-06-26,0.764705823123768
2012-06-27,0.0
2012-06-28,0.0
2012-06-29,0.0
2012-07-02,0.0
2012-07-03,0.0
2012-07-05,0.0
2012-07-06,0.0
2012-07-09,0.0
2012-07-10,0.0
2012-07-11,0.0
2012-07-12,0.0
2012-07-13,0.0
2012-07-16,0.0
2012-07-17,0.12222225029810474
2012-07-18,0.0
2012-07-19,0.0
2012-07-20,0.0
2012-07-23,0.0
2012-07-24,0.0
2012-07-25,0.0
2012-07-26,0.0
2012-07-27,0.0
2012-07-30,0.0
2012-07-31,0.0
2012-08-01,0.0
2012-08-02,0.0
2012-08-03,0.0
2012-08-06,0.0
2012-08-07,0.0
2012-08-08,0.0
2012-08-09,0.0
2012-08-10,0.0
2012-08-13,0.0
2012-08-14,0.0
2012-08-15,0.0
2012-08-16,0.0
2012-08-17,0.0
2012-08-20,0.0
2012-08-21,0.0
2012-08-22,0.0
2012-08-23,0.0
2012-08-24,0.0
2012-08-27,0.0
2012-08-28,0.0
2012-08-29,0.0
2012-08-30,0.0
2012-08-31,0.0
2012-09-04,0.0
2012-09-05,-0.009900998728700539
2012-09-06,0.0
2012-09-07,0.0
2012-09-10,-0.7100000014671912
2012-09-11,2.4482758795147594
2012-09-12,0.0
2012-09-13,0.0
2012-09-14,0.0
2012-09-17,0.0
2012-09-18,0.0
2012-09-19,0.0
2012-09-20,0.0
2012-09-21,0.0
2012-09-24,0.0
2012-09-25,0.0
2012-09-26,0.0
2012-09-27,0.0
2012-09-28,0.0
2012-10-01,0.0
2012-10-02,0.0
2012-10-03,0.0
2012-10-04,0.0
2012-10-05,0.0
2012-10-08,0.0
2012-10-09,0.0
2012-10-10,0.0
2012-10-11,0.0
2012-10-12,0.0
2012-10-15,0.0
2012-10-16,0.0
2012-10-17,0.0
2012-10-18,0.0
2012-10-19,0.0
2012-10-22,0.0
2012-10-23,0.0
2012-10-24,0.0
2012-10-25,0.0
2012-10-26,0.0
2012-10-31,0.0
2012-11-01,0.0
2012-11-02,0.0
2012-11-05 00:00:00-05:00,0.0
2012-11-06 00:00:00-05:00,0.0
2012-11-07 00:00:00-05:00,0.0
2012-11-08 00:00:00-05:00,-0.48999999119685245
2012-11-09 00:00:00-05:00,0.0
2012-11-12 00:00:00-05:00,0.9607842798802484
2012-11-13 00:00:00-05:00,0.0
2012-11-14 00:00:00-05:00,0.0
2012-11-15 00:00:00-05:00,0.0
2012-11-16 00:00:00-05:00,0.0
2012-11-19 00:00:00-05:00,0.0
2012-11-20 00:00:00-05:00,0.0
2012-11-21 00:00:00-05:00,0.0
2012-11-23 00:00:00-05:00,0.0
2012-11-26 00:00:00-05:00,0.0
2012-11-27 00:00:00-05:00,0.0
2012-11-28 00:00:00-05:00,0.0
2012-11-29 00:00:00-05:00,0.0
2012-11-30 00:00:00-05:00,0.0
2012-12-03 00:00:00-05:00,0.0
2012-12-04 00:00:00-05:00,0.0
2012-12-05 00:00:00-05:00,0.0
2012-12-06 00:00:00-05:00,0.0
2012-12-07 00:00:00-05:00,0.0
2012-12-10 00:00:00-05:00,0.0
2012-12-11 00:00:00-05:00,0.0
2012-12-12 00:00:00-05:00,0.0
2012-12-13 00:00:00-05:00,0.0
2012-12-14 00:00:00-05:00,0.0
2012-12-17 00:00:00-05:00,0.0
2012-12-18 00:00:00-05:00,-0.48999999119685245
2012-12-19 00:00:00-05:00,0.9607842798802484
2012-12-20 00:00:00-05:00,0.0
2012-12-21 00:00:00-05:00,0.0
2012-12-24 00:00:00-05:00,0.0
2012-12-26 00:00:00-05:00,0.0
2012-12-27 00:00:00-05:00,0.0
2012-12-28 00:00:00-05:00,0.0
2012-12-31 00:00:00-05:00,0.0
2013-01-02 00:00:00-05:00,-0.0499999706561749
2013-01-03 00:00:00-05:00,-0.22105266490572828
2013-01-04 00:00:00-05:00,0.0
2013-01-07 00:00:00-05:00,0.0
2013-01-08 00:00:00-05:00,0.0
2013-01-09 00:00:00-05:00,0.0
2013-01-10 00:00:00-05:00,0.0
2013-01-11 00:00:00-05:00,0.3513513674272235
2013-01-14 00:00:00-05:00,0.0
2013-01-15 00:00:00-05:00,0.0
2013-01-16 00:00:00-05:00,0.0
2013-01-17 00:00:00-05:00,0.0
2013-01-18 00:00:00-05:00,0.0
2013-01-22 00:00:00-05:00,-0.2999999706561749
2013-01-23 00:00:00-05:00,0.0
2013-01-24 00:00:00-05:00,0.0
2013-01-25 00:00:00-05:00,0.0
2013-01-28 00:00:00-05:00,0.0
2013-01-29 00:00:00-05:00,0.0
2013-01-30 00:00:00-05:00,0.34285711590873325
2013-01-31 00:00:00-05:00,-0.09574468500223865
2013-02-01 00:00:00-05:00,0.0
2013-02-04 00:00:00-05:00,-0.6941176419820372
2013-02-05 00:00:00-05:00,1.884615286947331
2013-02-06 00:00:00-05:00,0.0
2013-02-07 00:00:00-05:00,0.0
2013-02-08 00:00:00-05:00,0.0
2013-02-11 00:00:00-05:00,0.0
2013-02-12 00:00:00-05:00,0.0
2013-02-13 00:00:00-05:00,0.0
2013-02-14 00:00:00-05:00,0.0
2013-02-15 00:00:00-05:00,0.0
2013-02-19 00:00:00-05:00,0.13333335289588333
2013-02-20 00:00:00-05:00,0.0
2013-02-21 00:00:00-05:00,0.0
2013-02-22 00:00:00-05:00,0.0
2013-02-25 00:00:00-05:00,0.0
2013-02-26 00:00:00-05:00,0.0
2013-02-27 00:00:00-05:00,0.0
2013-02-28 00:00:00-05:00,0.0
2013-03-01 00:00:00-05:00,0.0
2013-03-04 00:00:00-05:00,-0.41176471603592546
2013-03-05 00:00:00-05:00,0.0
2013-03-06 00:00:00-05:00,0.0
2013-03-07 00:00:00-05:00,0.0
2013-03-08 00:00:00-05:00,0.0
2013-03-11,0.0
2013-03-12,0.0
2013-03-13,0.0
2013-03-14,-0.020000017606295106
2013-03-15,0.0
2013-03-18,-0.1836734846646323
2013-03-19,0.0
2013-03-20,-0.24999995415027154
2013-03-21,0.3333332518227099
2013-03-22,0.0
2013-03-25,-0.12499993122540731
2013-03-26,0.11428570530291116
2013-03-27,0.025640953294319146
2013-03-28,0.0
2013-04-01,-0.12499993122540731
2013-04-02,0.11428570530291116
2013-04-03,0.0
2013-04-04,0.025640953294319146
2013-04-05,-0.12499993122540731
2013-04-08,0.0
2013-04-09,0.14285705302911045
2013-04-10,0.0
2013-04-11,-0.14999995415027156
2013-04-12,0.11764705247754659
2013-04-15,-0.15789477748452185
2013-04-16,0.21875008596824075
2013-04-17,0.0
2013-04-18,-0.12820514267446947
2013-04-19,0.11764705247754659
2013-04-22,0.0
2013-04-23,-0.07894734047939123
2013-04-24,0.05714280025176999
2013-04-25,0.02702705114083548
2013-04-26,-0.052631624670087085
2013-04-29,0.08333340974954728
2013-04-30,0.025640953294319146
2013-05-01,0.0
2013-05-02,0.17500006877459273
2013-05-03,-0.06382984202955
2013-05-06,0.04545458713611672
2013-05-07,-0.021739149502721822
2013-05-08,0.02222224214704216
2013-05-09,-0.021739149502721822
2013-05-10,0.0
2013-05-13,0.02222224214704216
2013-05-14,-0.021739149502721822
2013-05-15,0.0
2013-05-16,-0.06666664493049956
2013-05-17,0.09523809107938996
2013-05-20,-0.08695651827223239
2013-05-21,0.04761900187328871
2013-05-22,0.02272729356805847
2013-05-23,-0.044444402783457515
2013-05-24,0.0
2013-05-28,-0.02325583379111973
2013-05-29,-0.023809544603050514
2013-05-30,0.0
2013-05-31,0.07317070770508027
2013-06-03,0.0
2013-06-04,-0.02272721020491575
2013-06-05,-0.02325583379111973
2013-06-06,0.0
2013-06-07,0.0
2013-06-10,0.023809544603050625
2013-06-11,-0.04651166758223946
2013-06-12,-0.07317070770508027
2013-06-13,0.05263152814434768
2013-06-14,-0.024999931225407335
2013-06-17,0.0
2013-06-18,-0.025641047345037582
2013-06-19,0.0
2013-06-20,0.0
2013-06-21,0.05263152814434768
2013-06-24,-0.09999999999999998
2013-06-25,-0.027777701361563767
2013-06-26,0.05714280025176999
2013-06-27,-0.054054003147125274
2013-06-28,0.0
2013-07-01,0.028571347726199514
2013-07-02,-0.027777701361563767
2013-07-03,-0.028571452525570473
2013-07-05,0.0
2013-07-08,0.02941179008981365
2013-07-09,0.14285705302911045
2013-07-10,-0.024999931225407335
2013-07-11,0.025640953294319146
2013-07-12,-0.049999954150271586
2013-07-15,0.026315812335043542
2013-07-16,0.025640953294319146
2013-07-17,0.12500002292486423
2013-07-18,-0.044444402783457515
2013-07-19,0.06976741607154424
2013-07-22,0.07023412624654446
2013-07-23,0.04374995762482348
2013-07-24,0.09281442789354677
2013-07-25,-0.06164387319789855
2013-07-26,0.02189782444609789
2013-07-29,-0.014285700661795464
2013-07-30,0.014492739601511984
2013-07-31,-0.04285717010498047
2013-08-01,-0.0447760779758305
2013-08-02,0.03906249941792339
2013-08-05,-0.022556404994930057
2013-08-06,-0.04615387549767125
2013-08-07,0.040322581885632536
2013-08-08,0.015503935570057026
2013-08-09,-0.022900777251825155
2013-08-12,0.014062449126505117
2013-08-13,-0.0446841251279525
2013-08-14,0.00806454714081517
2013-08-15,0.0016000366210937589
2013-08-16,-0.01757190566973066
2013-08-19,-0.04878051806224237
2013-08-20,0.02222224214704216
2013-08-21,-0.005016757477033895
2013-08-22,-0.008403313529497414
2013-08-23,-0.008474608462146094
2013-08-26,-0.03760680235523328
2013-08-27,0.021314366451127276
2013-08-28,-0.026086973107379396
2013-08-29,0.0
2013-08-30,0.024999976583889083
2013-09-03,-0.05052264345239421
2013-09-04,-0.018348606996750005
2013-09-05,0.00934583021049562
2013-09-06,0.09259259095734862
2013-09-09,-0.008474608462146094
2013-09-10,0.03931624321760263
2013-09-11,-0.026315764707210976
2013-09-12,0.01351350045186761
2013-09-13,0.001666704813639397
2013-09-16,-0.008319498973491046
2013-09-17,-0.030201313286331244
2013-09-18,-0.03287198102485167
2013-09-19,-0.02325583379111973
2013-09-20,0.007326000288198298
2013-09-23,-0.03090910478071729
2013-09-24,0.013133240649786826
2013-09-25,-0.04629629547867431
2013-09-26,-0.007766982740254447
2013-09-27,-0.011741671470031023
2013-09-30,0.0277227447916637
2013-10-01,0.03082848663739668
2013-10-02,0.0
2013-10-03,-0.024299087244534445
2013-10-04,-0.02298848474755899
2013-10-07,-0.0686274335641942
2013-10-08,-0.03157896744577504
2013-10-09,0.008695644061371466
2013-10-10,0.0021552218037907966
2013-10-11,0.081720453042462
2013-10-14,-0.049701787191282265
2013-10-15,0.002091998243882731
2013-10-16,-0.039665983034153696
2013-10-17,0.15217397839450797
2013-10-18,0.08113204016300268
2013-10-21,-0.013961592223343589
2013-10-22,-0.007079639146523986
2013-10-23,-0.0017825719507730264
2013-10-24,0.0
2013-10-25,0.008928605640421639
2013-10-28,0.02654868899744267
2013-10-29,-0.017241444513996895
2013-10-30,-0.017543843505051004
2013-10-31,0.04464285790312039
2013-11-01,-0.008546959779967
2013-11-04 00:00:00-05:00,0.04310344685839129
2013-11-05 00:00:00-05:00,-0.019834770018687276
2013-11-06 00:00:00-05:00,0.005059057449712467
2013-11-07 00:00:00-05:00,-0.01845639812254174
2013-11-08 00:00:00-05:00,0.0
2013-11-11 00:00:00-05:00,-0.025641042361154165
2013-11-12 00:00:00-05:00,0.0
2013-11-13 00:00:00-05:00,0.0
2013-11-14 00:00:00-05:00,-0.017543843505051004
2013-11-15 00:00:00-05:00,0.026785731771771015
2013-11-18 00:00:00-05:00,0.03130431797193434
2013-11-19 00:00:00-05:00,-0.010118034488434513
2013-11-20 00:00:00-05:00,-0.06303234970571758
2013-11-21 00:00:00-05:00,-0.05454548922452063
2013-11-22 00:00:00-05:00,0.00961542164785767
2013-11-25 00:00:00-05:00,0.07619049435570124
2013-11-26 00:00:00-05:00,-0.07079647586119531
2013-11-27 00:00:00-05:00,0.07619049435570124
2013-11-29 00:00:00-05:00,0.07964598259637246
2013-12-02 00:00:00-05:00,-0.06557378715098938
2013-12-03 00:00:00-05:00,0.03508777066574664
2013-12-04 00:00:00-05:00,-0.02542374456658214
2013-12-05 00:00:00-05:00,0.008695685345193604
2013-12-06 00:00:00-05:00,-0.0344828068146934
2013-12-09 00:00:00-05:00,0.09464289622039268
2013-12-10 00:00:00-05:00,-0.004893998246048303
2013-12-11 00:00:00-05:00,-0.006557370898096271
2013-12-12 00:00:00-05:00,0.05610563627034337
2013-12-13 00:00:00-05:00,0.015624984866008385
2013-12-16 00:00:00-05:00,-0.0076923370361328125
2013-12-17 00:00:00-05:00,0.05426362663871198
2013-12-18 00:00:00-05:00,-0.05147064289007064
2013-12-19 00:00:00-05:00,-0.02325575549859793
2013-12-20 00:00:00-05:00,0.015873000254767344
2013-12-23 00:00:00-05:00,-0.04687502910383001
2013-12-24 00:00:00-05:00,0.03114755085097065
2013-12-26 00:00:00-05:00,0.03179647225406601
2013-12-27 00:00:00-05:00,-0.052388241562627
2013-12-30 00:00:00-05:00,-0.008130112188539096
2013-12-31 00:00:00-05:00,0.03278693266050836
2014-01-02 00:00:00-05:00,-0.015873075943202752
2014-01-03 00:00:00-05:00,-0.04032258188563265
2014-01-06 00:00:00-05:00,-0.011764654969436794
2014-01-07 00:00:00-05:00,-0.020408143405366563
2014-01-08 00:00:00-05:00,0.005208286767206527
2014-01-09 00:00:00-05:00,0.03626943687919559
2014-01-10 00:00:00-05:00,-0.025000015894571903
2014-01-13 00:00:00-05:00,0.0
2014-01-14 00:00:00-05:00,0.025641042361154165
2014-01-15 00:00:00-05:00,0.006666660308837891
2014-01-16 00:00:00-05:00,-0.006622510282393357
2014-01-17 00:00:00-05:00,-0.016666650772094727
2014-01-21 00:00:00-05:00,0.04237288067101819
2014-01-22 00:00:00-05:00,0.016260146842582035
2014-01-23 00:00:00-05:00,0.0
2014-01-24 00:00:00-05:00,0.008000030517578027
2014-01-27 00:00:00-05:00,-0.022222276045109735
2014-01-28 00:00:00-05:00,0.0064935004616650804
2014-01-29 00:00:00-05:00,-0.04838705211722627
2014-01-30 00:00:00-05:00,0.0
2014-01-31 00:00:00-05:00,-0.008474608462146094
2014-02-03 00:00:00-05:00,0.04273504343171486
2014-02-04 00:00:00-05:00,-0.008196674537606752
2014-02-05 00:00:00-05:00,-0.008264494075791107
2014-02-06 00:00:00-05:00,-0.029999971389770508
2014-02-07 00:00:00-05:00,0.039518902455260685
2014-02-10 00:00:00-05:00,-0.008264494075791107
2014-02-11 00:00:00-05:00,0.008333365122477288
2014-02-12 00:00:00-05:00,0.03305781867105084
2014-02-13 00:00:00-05:00,-0.01919998168945314
2014-02-14 00:00:00-05:00,0.027732475223526176
2014-02-18 00:00:00-05:00,-0.05555561442433876
2014-02-19 00:00:00-05:00,0.010084104460519328
2014-02-20 00:00:00-05:00,0.01497498707541256
2014-02-21 00:00:00-05:00,-0.008196674537606752
2014-02-24 00:00:00-05:00,-0.008264494075791107
2014-02-25 00:00:00-05:00,0.005000034968058342
2014-02-26 00:00:00-05:00,0.05306794091046796
2014-02-27 00:00:00-05:00,0.04881888935988554
2014-02-28 00:00:00-05:00,-0.009009000623754537
2014-03-03 00:00:00-05:00,0.015151500920837613
2014-03-04 00:00:00-05:00,-0.029850718650553665
2014-03-05 00:00:00-05:00,0.04615387549767136
2014-03-06 00:00:00-05:00,-0.014705938038939936
2014-03-07 00:00:00-05:00,0.03731343389805564
2014-03-10,0.028777020372816597
2014-03-11,-0.006993033575937835
2014-03-12,-0.007042213319620072
2014-03-13,-0.008510697587718052
2014-03-14,-0.012875490514692167
2014-03-17,-0.014492739601511984
2014-03-18,0.013235246062692552
2014-03-19,-0.029027549077029424
2014-03-20,0.046337808688799775
2014-03-21,-0.008571420397077256
2014-03-24,-0.06340058409115967
2014-03-25,0.029230778033916716
2014-03-26,0.0014947312345512387
2014-03-27,0.0
2014-03-28,0.029850789820280887
2014-03-31,-0.028985548309857667
2014-04-01,0.0
2014-04-02,0.029850789820280887
2014-04-03,-0.014492739601511984
2014-04-04,-0.0014706218531378434
2014-04-07,-0.06332839922745359
2014-04-08,0.05345906739200901
2014-04-09,0.0
2014-04-10,-0.03731343389805564
2014-04-11,-0.007751893856784764
2014-04-14,0.0
2014-04-15,0.02968750849831836
2014-04-16,-0.015174564363318988
2014-04-17,0.016949173712444088
2014-04-21,0.0
2014-04-22,0.0
2014-04-23,0.022727287505283966
2014-04-24,0.029629601372612946
2014-04-25,-0.007194203635955465
2014-04-28,-0.028985548309857667
2014-04-29,0.04179107728050213
2014-04-30,0.005730653544946174
2014-05-01,0.01851853487095889
2014-05-02,0.004195766793154032
2014-05-05,0.13509746704493986
2014-05-06,-0.06748463063080357
2014-05-07,0.04868419607920638
2014-05-08,0.003764141856724912
2014-05-09,-0.00625002384185791
2014-05-12,0.006289332318799801
2014-05-13,0.03125
2014-05-14,0.00969696044921875
2014-05-15,-0.03961583754243736
2014-05-16,-0.02499997615814209
2014-05-19,-0.006410280706692251
2014-05-20,0.032258064516129004
2014-05-21,0.01250004768371582
2014-05-22,0.043209803865700946
2014-05-23,0.011834364938100972
2014-05-27,0.07602334550058143
2014-05-28,-0.010869503246587309
2014-05-29,0.0054944214246803735
2014-05-30,-0.005464397720770453
2014-06-02,-0.010989052448102776
2014-06-03,0.005555576748318192
2014-06-04,-0.02762430881006428
2014-06-05,0.011363571094088698
2014-06-06,0.02696637472801533
2014-06-09,-0.015317323639383873
2014-06-10,0.0
2014-06-11,0.011111153496636383
2014-06-12,-0.0032967786140534194
2014-06-13,0.11356127026479124
2014-06-16,-0.010891149128407829
2014-06-17,-0.019018977451091046
2014-06-18,0.0
2014-06-19,0.0
2014-06-20,0.015306083225598899
2014-06-23,0.04522611235088769
2014-06-24,0.033653884068044704
2014-06-25,0.004651180533475685
2014-06-26,0.0
2014-06-27,0.027777794947839718
2014-06-30,0.0
2014-07-01,-0.022522521748499114
2014-07-02,0.013824849148065699
2014-07-03,0.04090907356955786
2014-07-07,-0.01746723254120064
2014-07-08,-0.013333299424913236
2014-07-09,0.024324278811745925
2014-07-10,0.050131899785519796
2014-07-11,-0.0033500806749394707
2014-07-14,0.016806787340397866
2014-07-15,-0.008264494075791107
2014-07-16,-0.016666650772094727
2014-07-17,-0.02542374456658214
2014-07-18,0.017391287762185792
2014-07-21,-0.017094001070560583
2014-07-22,0.061739133751910646
2014-07-23,0.014742039689878528
2014-07-24,0.008878099566520747
2014-07-25,-0.040000000000000036
2014-07-28,0.012499968210856194
2014-07-29,-0.041152264666530325
2014-07-30,-0.012875504158102014
2014-07-31,0.024347802867060064
2014-08-01,-0.011884498541760657
2014-08-04,-0.007731971643756719
2014-08-05,-0.02597404205893572
2014-08-06,0.0053333706325955355
2014-08-07,0.0035366896877959686
2014-08-08,0.05550653212269063
2014-08-11,-0.026711160855727667
2014-08-12,0.010291585517105739
2014-08-13,0.0042444984608036584
2014-08-14,0.0
2014-08-15,-0.06931527473478905
2014-08-18,0.009082599974256755
2014-08-19,0.009000934703865981
2014-08-20,0.025869755652647042
2014-08-21,0.026086973107379396
2014-08-22,-0.021186440335509094
2014-08-25,-0.04675324267840297
2014-08-26,0.024523115211304347
2014-08-27,-0.02216312109203833
2014-08-28,0.019945627593369597
2014-08-29,-0.0008889092339410265
2014-09-02,0.004448415636390202
2014-09-03,0.005314474740427899
2014-09-04,-0.01321590900115599
2014-09-05,0.0
2014-09-08,0.06607140926073973
2014-09-09,0.03350088662161821
2014-09-10,0.13046998677221278
2014-09-11,0.058781409298222176
2014-09-12,0.07650637276538674
2014-09-15,-0.06352196851819036
2014-09-16,-0.016789791419454803
2014-09-17,-0.01980874009919642
2014-09-18,0.0048780273842090605
2014-09-19,-0.05478501786915824
2014-09-22,-0.005135707574210113
2014-09-23,0.005899699205784925
2014-09-24,0.013929587654029074
2014-09-25,0.057845278029508895
2014-09-26,0.002050562729769112
2014-09-29,-0.025920881200281798
2014-09-30,0.007703124118243698
2014-10-01,-0.03405147415579113
2014-10-02,-0.034532342115782155
2014-10-03,0.04023844700321
2014-10-06,0.013610285090552177
2014-10-07,0.008480624909434686
2014-10-08,0.0
2014-10-09,-0.029432380015477988
2014-10-10,-0.046931447964019046
2014-10-13,-0.015151500920837613
2014-10-14,-0.04461537874661958
2014-10-15,-0.013687606702871502
2014-10-16,-0.018775472835618645
2014-10-17,0.02163055451795648
2014-10-20,0.004886027762329714
2014-10-21,0.016207439772453647
2014-10-22,-0.031897896311569474
2014-10-23,-0.006589779361090065
2014-10-24,-0.01990055691889503
2014-10-27,0.0177665011479593
2014-10-28,-0.010806327292312456
2014-10-29,-0.015966351804536205
2014-10-30,0.06319383165734505
2014-10-31,0.028112480870020606
2014-11-03 00:00:00-05:00,0.03359369883546681
2014-11-04 00:00:00-05:00,0.0007558752250829137
2014-11-05 00:00:00-05:00,0.04833839534641493
2014-11-06 00:00:00-05:00,-0.009366002404111229
2014-11-07 00:00:00-05:00,0.031999969482421786
2014-11-10 00:00:00-05:00,-0.015503828038066048
2014-11-11 00:00:00-05:00,0.027201152983352017
2014-11-12 00:00:00-05:00,0.010452934811344683
2014-11-13 00:00:00-05:00,0.024827562529465164
2014-11-14 00:00:00-05:00,-0.017496586891957988
2014-11-17 00:00:00-05:00,-0.02054795773263285
2014-11-18 00:00:00-05:00,0.009090916972514851
2014-11-19 00:00:00-05:00,-0.02286901709819711
2014-11-20 00:00:00-05:00,-0.010638338166410355
2014-11-21 00:00:00-05:00,0.017204284903198586
2014-11-24 00:00:00-05:00,0.049330569671556246
2014-11-25 00:00:00-05:00,-0.007387549215261857
2014-11-26 00:00:00-05:00,0.010148888695171498
2014-11-28 00:00:00-05:00,0.0006697438046303628
2014-12-01 00:00:00-05:00,-0.022757644475439265
2014-12-02 00:00:00-05:00,0.023972562921274143
2014-12-03 00:00:00-05:00,0.011371242706544438
2014-12-04 00:00:00-05:00,0.07936506735104154
2014-12-05 00:00:00-05:00,0.08210785402237852
2014-12-08 00:00:00-05:00,0.007927485326051809
2014-12-09 00:00:00-05:00,-0.028089888844431754
2014-12-10 00:00:00-05:00,0.016185011502525493
2014-12-11 00:00:00-05:00,-0.010238925253523878
2014-12-12 00:00:00-05:00,-0.003448245244700221
2014-12-15 00:00:00-05:00,0.04152245138515975
2014-12-16 00:00:00-05:00,0.031561445829449086
2014-12-17 00:00:00-05:00,-0.03327960063414481
2014-12-18 00:00:00-05:00,-0.014991696520396669
2014-12-19 00:00:00-05:00,0.03438560418386705
2014-12-22 00:00:00-05:00,0.018528618284456844
2014-12-23 00:00:00-05:00,0.03477793472214308
2014-12-24 00:00:00-05:00,-0.036194454881934734
2014-12-26 00:00:00-05:00,-0.023605077313110567
2014-12-29 00:00:00-05:00,-0.018681326282152133
2014-12-30 00:00:00-05:00,-0.040313616802779784
2014-12-31 00:00:00-05:00,-0.01750287326391209
2015-01-02 00:00:00-05:00,-0.0071259405074861615
2015-01-05 00:00:00-05:00,-0.052631530915419056
2015-01-06 00:00:00-05:00,-0.0138889056129754
2015-01-07 00:00:00-05:00,0.07938545031225508
2015-01-08 00:00:00-05:00,-0.04033216373422199
2015-01-09 00:00:00-05:00,-0.02843016251364494
2015-01-12 00:00:00-05:00,0.0
2015-01-13 00:00:00-05:00,-0.02926208844358469
2015-01-14 00:00:00-05:00,-0.04062908756617445
2015-01-15 00:00:00-05:00,0.045081955733227375
2015-01-16 00:00:00-05:00,-0.006535972563600612
2015-01-20 00:00:00-05:00,-0.050000015685433
2015-01-21 00:00:00-05:00,-0.024930724871093823
2015-01-22 00:00:00-05:00,-0.007102299858777639
2015-01-23 00:00:00-05:00,-0.0443490633662712
2015-01-26 00:00:00-05:00,0.06736531402190371
2015-01-27 00:00:00-05:00,0.07152871582873299
2015-01-28 00:00:00-05:00,-0.02617798596338672
2015-01-29 00:00:00-05:00,0.02150535566956502
2015-01-30 00:00:00-05:00,-0.027631584313437596
2015-02-02 00:00:00-05:00,-0.02300407027947493
2015-02-03 00:00:00-05:00,-0.012465329413582027
2015-02-04 00:00:00-05:00,-0.025245484191678047
2015-02-05 00:00:00-05:00,-0.021582679517531345
2015-02-06 00:00:00-05:00,0.05294112449698951
2015-02-09 00:00:00-05:00,-0.02932961489138497
2015-02-10 00:00:00-05:00,-0.018704984341216147
2015-02-11 00:00:00-05:00,-0.05278594200192033
2015-02-12 00:00:00-05:00,0.03869969017395114
2015-02-13 00:00:00-05:00,-0.005961246143908139
2015-02-17 00:00:00-05:00,0.0329834764130752
2015-02-18 00:00:00-05:00,-0.0058055098154058404
2015-02-19 00:00:00-05:00,0.0
2015-02-20 00:00:00-05:00,0.02773723501688874
2015-02-23 00:00:00-05:00,0.005681812794001706
2015-02-24 00:00:00-05:00,-0.009886962652335352
2015-02-25 00:00:00-05:00,0.028530642330241163
2015-02-26 00:00:00-05:00,0.047156747682247424
2015-02-27 00:00:00-05:00,-0.027814573886326355
2015-03-02 00:00:00-05:00,0.017711121921152095
2015-03-03 00:00:00-05:00,0.01606430599286024
2015-03-04 00:00:00-05:00,-0.010540174189427098
2015-03-05 00:00:00-05:00,-0.00266317671825822
2015-03-06 00:00:00-05:00,-0.016021347026178523
2015-03-09,-0.058344618048254415
2015-03-10,-0.04610953444134991
2015-03-11,0.018126871243736797
2015-03-12,0.03709198939016067
2015-03-13,-0.03433473232857809
2015-03-16,-0.0029629601372612724
2015-03-17,-0.0029717653595588978
2015-03-18,-0.014903115359770402
2015-03-19,0.0
2015-03-20,-0.0015128939001275432
2015-03-23,0.051515175378903155
2015-03-24,-0.025936574474714758
2015-03-25,-0.06952666436618604
2015-03-26,-0.014308450418714536
2015-03-27,-0.027419291078484176
2015-03-30,-0.07296849782936299
2015-03-31,0.03935595423728233
2015-04-01,-0.027538700342149114
2015-04-02,0.0
2015-04-06,-0.03716814771722865
2015-04-07,-0.014705868173635728
2015-04-08,-0.014925358528601551
2015-04-09,-0.015151590409901994
2015-04-10,0.1211538726056125
2015-04-13,0.0
2015-04-14,0.020583171034211478
2015-04-15,0.010084104460519328
2015-04-16,-0.021630633858578885
2015-04-17,-0.008503433632946034
2015-04-20,0.022298476182188054
2015-04-21,-0.04362419919760152
2015-04-22,0.014035158459685393
2015-04-23,-0.001730143342359436
2015-04-24,0.05025995889283541
2015-04-27,-0.04620457683416479
2015-04-28,0.005190265031527863
2015-04-29,-0.013769350171074612
2015-04-30,0.005235638692580702
2015-05-01,-0.006944520329984494
2015-05-04,0.031468585975201524
2015-05-05,-0.03389835302872812
2015-05-06,0.021052695861705883
2015-05-07,-0.015463943287513549
2015-05-08,0.010471194167507747
2015-05-11,-0.01727114081026082
2015-05-12,-0.05272411031950186
2015-05-13,-0.03525047531111414
2015-05-14,0.046153895530476774
2015-05-15,0.031250013695920176
2015-05-18,-0.016042807566122086
2015-05-19,0.0018116356732591488
2015-05-20,-0.02893314976109429
2015-05-21,-0.037243913133587436
2015-05-22,-0.023210809243372932
2015-05-26,-0.041584164399093626
2015-05-27,0.012396682001644121
2015-05-28,0.0367346581296597
2015-05-29,-0.011811012535560939
2015-06-01,-0.07171317427932755
2015-06-02,-0.03433473232857809
2015-06-03,0.037777794731987946
2015-06-04,-0.02141325546014272
2015-06-05,0.0590809564080077
2015-06-08,-0.045454599192765954
2015-06-09,0.07142855668407022
2015-06-10,0.0808081031879504
2015-06-11,-0.3719626252354885
2015-06-12,-0.05357137915431087
2015-06-15,0.02830185920753414
2015-06-16,-0.033639111846312075
2015-06-17,0.012658215432457043
2015-06-18,-0.025000050291418274
2015-06-19,-0.0096153757981291
2015-06-22,0.019417534907683054
2015-06-23,-0.028571476147016606
2015-06-24,-0.04248362040956577
2015-06-25,-0.027303808976760324
2015-06-26,0.02456146456271613
2015-06-29,-0.02054800672275059
2015-06-30,0.013986084524057807
2015-07-01,-0.02068971697413624
2015-07-02,0.042253566057856906
2015-07-06,-0.02364862579076832
2015-07-07,-0.006920490871662466
2015-07-08,0.03135893943436807
2015-07-09,-0.0033783751129669026
2015-07-10,-0.0033898272208872093
2015-07-13,0.01700678617113871
2015-07-14,0.0066889568102752595
2015-07-15,0.10299001453878076
2015-07-16,-0.015060226904115348
2015-07-17,-0.027522909692437092
2015-07-20,-0.04402518929722532
2015-07-21,-0.0065789411768027994
2015-07-22,0.0
2015-07-23,-0.006622510282393357
2015-07-24,-0.0366666316986084
2015-07-27,0.006920408373887188
2015-07-28,-0.0034364227382496226
2015-07-29,0.044827541981810715
2015-07-30,-0.006600653833452097
2015-07-31,0.0
2015-08-03,-0.01993353587031299
2015-08-04,0.016949136104436047
2015-08-05,-0.019999980926513672
2015-08-06,-0.11564630815325028
2015-08-07,-0.011538450957754964
2015-08-10,0.11673150198791937
2015-08-11,-0.038327491108731127
2015-08-12,0.014492739851898806
2015-08-13,0.046428613091002324
2015-08-14,-0.003412965950654212
2015-08-17,-0.13356167627199578
2015-08-18,-0.07905140314047221
2015-08-19,-0.047210256951794816
2015-08-20,-0.036036001204980406
2015-08-21,0.00467289251077152
2015-08-24,-0.10697680375845253
2015-08-25,0.07291666084590043
2015-08-26,-0.004854364437391179
2015-08-27,0.0536586029624615
2015-08-28,0.06018512539657794
2015-08-31,-0.004366808135300104
2015-09-01,-0.0789473986911865
2015-09-02,-0.00952380087370197
2015-09-03,-0.0096153757981291
2015-09-04,0.04368939567369812
2015-09-08,-0.023255901635817477
2015-09-09,-0.004761900436850985
2015-09-10,-0.009569369257348859
2015-09-11,0.048309249408762245
2015-09-14,-0.004608290374042534
2015-09-15,-0.046296360684027316
2015-09-16,-0.014563093312173536
2015-09-17,0.029556622475449545
2015-09-18,0.02870822184792665
2015-09-21,0.037209265189536156
2015-09-22,0.00896860123562826
2015-09-23,-0.026666641235351562
2015-09-24,0.0
2015-09-25,-0.018264822286715
2015-09-28,-0.041860534230585555
2015-09-29,-0.09223298217902087
2015-09-30,-0.010695176938778084
2015-10-01,-0.02702706534118826
2015-10-02,0.022222267845531718
2015-10-05,0.03260866396255957
2015-10-06,-0.015789458824326585
2015-10-07,0.03208553081633436
2015-10-08,0.036269458214764905
2015-10-09,-0.009999990463256836
2015-10-12,0.0
2015-10-13,-0.030303061318608826
2015-10-14,-0.031249970896168877
2015-10-15,-0.005376338917391199
2015-10-16,0.0378378012652294
2015-10-19,-0.010416656965389626
2015-10-20,-0.036842070590095366
2015-10-21,-0.021857967281024404
2015-10-22,0.01117317394007622
2015-10-23,-0.016574570352582918
2015-10-26,-0.03370783356400553
2015-10-27,-0.034883756389998966
2015-10-28,0.06626507019093375
2015-10-29,-0.011299424374029976
2015-10-30,-0.02285712105887272
2015-11-02 00:00:00-05:00,-0.005847947508874518
2015-11-03 00:00:00-05:00,-0.01176476445577379
2015-11-04 00:00:00-05:00,0.011904821881092875
2015-11-05 00:00:00-05:00,0.005882347166332069
2015-11-06 00:00:00-05:00,-0.005847947508874518
2015-11-09 00:00:00-05:00,0.0
2015-11-10 00:00:00-05:00,-0.1000000420738657
2015-11-11 00:00:00-05:00,-0.0326797080073582
2015-11-12 00:00:00-05:00,-0.006756750225933805
2015-11-13 00:00:00-05:00,-0.08843536918467498
2015-11-16 00:00:00-05:00,0.04477607558580465
2015-11-17 00:00:00-05:00,0.16428573070740238
2015-11-18 00:00:00-05:00,0.04294481758089841
2015-11-19 00:00:00-05:00,0.02352938866532872
2015-11-20 00:00:00-05:00,-0.14942528105645192
2015-11-23 00:00:00-05:00,0.08108108325802199
2015-11-24 00:00:00-05:00,0.10624997159466187
2015-11-25 00:00:00-05:00,0.056497189220031885
2015-11-27 00:00:00-05:00,-0.06417112538095182
2015-11-30 00:00:00-05:00,-0.005714280264718208
2015-12-01 00:00:00-05:00,0.05172415683064435
2015-12-02 00:00:00-05:00,0.01639342660450316
2015-12-03 00:00:00-05:00,-0.01075267783478251
2015-12-04 00:00:00-05:00,0.021739109308372973
2015-12-07 00:00:00-05:00,-0.0531915021784547
2015-12-08 00:00:00-05:00,-0.07303370636019069
2015-12-09 00:00:00-05:00,-0.024242401473340114
2015-12-10 00:00:00-05:00,0.09937886037252985
2015-12-11 00:00:00-05:00,-0.07909603796809173
2015-12-14 00:00:00-05:00,-0.012269926984675661
2015-12-15 00:00:00-05:00,-0.06832298964456307
2015-12-16 00:00:00-05:00,-0.026666641235351562
2015-12-17 00:00:00-05:00,0.13013694044304058
2015-12-18 00:00:00-05:00,-0.006060600368335001
2015-12-21 00:00:00-05:00,-0.012195110427418387
2015-12-22 00:00:00-05:00,-0.012345667202249944
2015-12-23 00:00:00-05:00,0.012499987892806708
2015-12-24 00:00:00-05:00,0.018518500803375026
2015-12-28 00:00:00-05:00,-0.13333335259948143
2015-12-29 00:00:00-05:00,0.07692308974817585
2015-12-30 00:00:00-05:00,0.05194808110195215
2015-12-31 00:00:00-05:00,-0.012345667202249944
2016-01-04 00:00:00-05:00,-0.006249993946403354
2016-01-05 00:00:00-05:00,-0.018867981112750454
2016-01-06 00:00:00-05:00,0.07692308280124727
2016-01-07 00:00:00-05:00,-0.005952375461590109
2016-01-08 00:00:00-05:00,-0.0239520735814005
2016-01-11 00:00:00-05:00,-0.0429448175808983
2016-01-12 00:00:00-05:00,-0.012820501064172207
2016-01-13 00:00:00-05:00,0.0
2016-01-14 00:00:00-05:00,0.0064935004616650804
2016-01-15 00:00:00-05:00,-0.019354820846890552
2016-01-19 00:00:00-05:00,0.05263160784158716
2016-01-20 00:00:00-05:00,-0.06875000791624175
2016-01-21 00:00:00-05:00,0.04026841771510825
2016-01-22 00:00:00-05:00,0.12258068584874948
2016-01-25 00:00:00-05:00,-0.06896551960383057
2016-01-26 00:00:00-05:00,0.08024691040060583
2016-01-27 00:00:00-05:00,0.03428568158830925
2016-01-28 00:00:00-05:00,-0.005524856784194343
2016-01-29 00:00:00-05:00,0.0
2016-02-01 00:00:00-05:00,0.06666667108182556
2016-02-02 00:00:00-05:00,-0.026041642413474064
2016-02-03 00:00:00-05:00,0.09625665619728618
2016-02-04 00:00:00-05:00,0.07317077992999343
2016-02-05 00:00:00-05:00,0.09545456072515668
2016-02-08 00:00:00-05:00,-0.04149383381315486
2016-02-09 00:00:00-05:00,-0.025974001846660322
2016-02-10 00:00:00-05:00,-0.026666641235351562
2016-02-11 00:00:00-05:00,-0.01369861671503625
2016-02-12 00:00:00-05:00,0.013888875091518038
2016-02-16 00:00:00-05:00,0.004566205571678639
2016-02-17 00:00:00-05:00,0.08636366050105404
2016-02-18 00:00:00-05:00,0.0
2016-02-19 00:00:00-05:00,0.0
2016-02-22 00:00:00-05:00,0.008368192488977133
2016-02-23 00:00:00-05:00,-0.04149383381315486
2016-02-24 00:00:00-05:00,0.0
2016-02-25 00:00:00-05:00,0.00865800061555344
2016-02-26 00:00:00-05:00,-0.017167366164289044
2016-02-29 00:00:00-05:00,-0.03930127321770138
2016-03-01 00:00:00-05:00,0.0499999512325644
2016-03-02 00:00:00-05:00,-0.0216450015388836
2016-03-03 00:00:00-05:00,-0.0442477455993574
2016-03-04 00:00:00-05:00,-0.08796298595858121
2016-03-07 00:00:00-05:00,-0.010152274434545583
2016-03-08 00:00:00-05:00,0.015384600336500354
2016-03-09 00:00:00-05:00,-0.010101000370632551
2016-03-10 00:00:00-05:00,0.04081628681073313
2016-03-11 00:00:00-05:00,-0.01960782480441492
2016-03-14,0.014999985694885254
2016-03-15,-0.0837438224042294
2016-03-16,0.08602148676927501
2016-03-17,0.0
2016-03-18,-0.014851471125267302
2016-03-21,0.010050241623450695
2016-03-22,0.019900478628265272
2016-03-23,0.06829273568811045
2016-03-24,-0.04566216458371575
2016-03-28,-0.014354053886023399
2016-03-29,-0.004854364437391179
2016-03-30,0.0
2016-03-31,-0.029268265451297903
2016-04-01,-0.010050241623450806
2016-04-04,-0.005076137217272736
2016-04-05,-0.02551024007777314
2016-04-06,-0.005235597192677299
2016-04-07,0.015789458824326585
2016-04-08,-0.015544027049267939
2016-04-11,0.005263152941442195
2016-04-12,0.031413645569305926
2016-04-13,-0.025380746598692716
2016-04-14,-0.010416656965389626
2016-04-15,-0.026315764707210976
2016-04-18,0.02702700090373522
2016-04-19,-0.015789458824326585
2016-04-20,-0.058823536911562724
2016-04-21,0.1022727657571314
2016-04-22,-0.03608250019970627
2016-04-25,-0.058823536911562724
2016-04-26,0.0397727572905624
2016-04-27,-0.010929016211355558
2016-04-28,0.005524922645682384
2016-04-29,-0.016483565788166232
2016-05-02,-0.03351952182022866
2016-05-03,0.028901706222559387
2016-05-04,-0.028089861303337904
2016-05-05,-0.0346821163741744
2016-05-06,-0.017964055186050376
2016-05-09,0.0
2016-05-10,0.030487848757137836
2016-05-11,0.005917153919925866
2016-05-12,0.08823527761809191
2016-05-13,0.048648666064176505
2016-05-16,0.10309280504365881
2016-05-17,0.051401817618486056
2016-05-18,-0.053333282470703125
2016-05-19,0.032863816658137424
2016-05-20,0.022727250560256484
2016-05-23,-0.017777760823567745
2016-05-24,0.031674177391187275
2016-05-25,0.03508768627628123
2016-05-26,0.1059322080986147
2016-05-27,0.026819990220270373
2016-05-31,0.0
2016-06-01,0.06343277374655654
2016-06-02,-0.010526306103030625
2016-06-03,-0.01773047996451116
2016-06-06,0.0072202097704794355
2016-06-07,-0.01792113010749863
2016-06-08,0.0328466838890733
2016-06-09,-0.03180209066982986
2016-06-10,-0.014598526172921567
2016-06-13,-0.040740789471011896
2016-06-14,-0.01544400122725742
2016-06-15,0.01960782480441492
2016-06-16,-0.08846154904224501
2016-06-17,0.08860761531110106
2016-06-20,-0.062015446567252885
2016-06-21,0.028925591337169543
2016-06-22,0.052208785351179454
2016-06-23,0.026717623938536716
2016-06-24,-0.040892242072316565
2016-06-27,-0.023255792462719804
2016-06-28,0.05952384781855513
2016-06-29,0.0299625173858038
2016-06-30,-0.0036363601684570312
2016-07-01,0.018248157716151958
2016-07-05,-0.00358422602149977
2016-07-06,-0.014388475634778741
2016-07-07,-0.014598526172921567
2016-07-08,-0.0037037001061669406
2016-07-11,0.0
2016-07-12,0.022304810967750832
2016-07-13,0.02545452117919922
2016-07-14,0.06028371642493524
2016-07-15,0.036789262456513594
2016-07-18,0.0
2016-07-19,-0.009677410423445276
2016-07-20,-0.019543955727765794
2016-07-21,0.009966767935156495
2016-07-22,0.013157882353605599
2016-07-25,0.0
2016-07-26,-0.025974001846660322
2016-07-27,0.026666641235351562
2016-07-28,-0.0032467502308325402
2016-07-29,-0.0358305855009039
2016-08-01,0.0
2016-08-02,-0.0033783751129669026
2016-08-03,-0.016949136104436047
2016-08-04,-0.024137989434275475
2016-08-05,0.02826860928669883
2016-08-08,0.010309268214748757
2016-08-09,0.020408143405366452
2016-08-10,-0.03333330154418945
2016-08-11,-0.017241444513996895
2016-08-12,0.06666668897483863
2016-08-15,-0.003289470588401344
2016-08-16,0.0
2016-08-17,-0.023102288417082395
2016-08-18,0.010135125338900819
2016-08-19,-0.016722392025687927
2016-08-22,-0.02380958173434755
2016-08-23,0.02787462206084701
2016-08-24,-0.03389835302872812
2016-08-25,0.0
2016-08-26,0.028070233263726152
2016-08-29,-0.010238897851962525
2016-08-30,0.006896544920278691
2016-08-31,-0.01369861671503625
2016-09-01,0.03819440650167438
2016-09-02,-0.030100305646238334
2016-09-06,0.0
2016-09-07,-0.024137989434275475
2016-09-08,0.03886930617664208
2016-09-09,-0.04081636790548637
2016-09-12,0.024822756495912923
2016-09-13,-0.013840899245549543
2016-09-14,0.014035158459685393
2016-09-15,-0.003460204186943594
2016-09-16,-0.02777783296726144
2016-09-19,0.01071427567880967
2016-09-20,-0.021201393779886613
2016-09-21,-0.0072202097704795465
2016-09-22,-0.0072727203369140625
2016-09-23,0.03296700129689234
2016-09-26,-0.02127657595741339
2016-09-27,0.01086955488892416
2016-09-28,-0.03225803419349749
2016-09-29,-0.00740740021233377
2016-09-30,0.048507415217954986
2016-10-03,-0.010676146619453597
2016-10-04,-0.03237407017825222
2016-10-05,-0.01486987397850048
2016-10-06,-0.06415096987774793
2016-10-07,-0.024193525128260562
2016-10-10,-0.004132227333881411
2016-10-11,-0.012448120465286205
2016-10-12,0.0
2016-10-13,0.01260502938959629
2016-10-14,0.02489624093057241
2016-10-17,-0.04453446649403359
2016-10-18,-0.016949137131806236
2016-10-19,0.004310340840949722
2016-10-20,-0.03433473232857809
2016-10-21,0.03555552164713549
2016-10-24,0.06437772544165754
2016-10-25,-0.0483871463930442
2016-10-26,-0.0593219799613216
2016-10-27,-0.01351350045186761
2016-10-28,0.0456620557167875
2016-10-31,-0.03930127321770138
2016-11-01,-0.013636350336153957
2016-11-02,-0.06451617510690377
2016-11-03,-0.03448272622135795
2016-11-04,0.07653053777012464
2016-11-07 00:00:00-05:00,-0.004739332208735791
2016-11-08 00:00:00-05:00,0.042857217464320696
2016-11-09 00:00:00-05:00,0.059360672431823636
2016-11-10 00:00:00-05:00,0.004310340840949722
2016-11-11 00:00:00-05:00,-0.012875524623216728
2016-11-14 00:00:00-05:00,0.0652174341205396
2016-11-15 00:00:00-05:00,-0.04489801280551031
2016-11-16 00:00:00-05:00,0.042735105435526055
2016-11-17 00:00:00-05:00,-0.11065572729292716
2016-11-18 00:00:00-05:00,-0.1013824980992436
2016-11-21 00:00:00-05:00,0.07692300168250155
2016-11-22 00:00:00-05:00,-0.05238090480536073
2016-11-23 00:00:00-05:00,-0.08542711370349709
2016-11-25 00:00:00-05:00,0.03846150067330312
2016-11-28 00:00:00-05:00,-0.026455001425780944
2016-11-29 00:00:00-05:00,-0.005434777327093299
2016-11-30 00:00:00-05:00,-0.010929016211355558
2016-12-01 00:00:00-05:00,-0.033149140705165725
2016-12-02 00:00:00-05:00,-0.04571431023733952
2016-12-05 00:00:00-05:00,-0.005988018395350125
2016-12-06 00:00:00-05:00,-0.006024090761646117
2016-12-07 00:00:00-05:00,0.0
2016-12-08 00:00:00-05:00,0.018181801105005002
2016-12-09 00:00:00-05:00,-0.08333332742017396
2016-12-12 00:00:00-05:00,0.0
2016-12-13 00:00:00-05:00,0.0064935004616650804
2016-12-14 00:00:00-05:00,-0.019354820846890552
2016-12-15 00:00:00-05:00,0.026315764707210976
2016-12-16 00:00:00-05:00,0.11538466240997791
2016-12-19 00:00:00-05:00,0.011494241848790887
2016-12-20 00:00:00-05:00,-0.01136362558800319
2016-12-21 00:00:00-05:00,-0.040229914981853465
2016-12-22 00:00:00-05:00,-0.08383232891771164
2016-12-23 00:00:00-05:00,0.0
2016-12-27 00:00:00-05:00,0.039215727523399746
2016-12-28 00:00:00-05:00,0.012578604092237322
2016-12-29 00:00:00-05:00,0.0
2016-12-30 00:00:00-05:00,0.06832298964456296
2017-01-03 00:00:00-05:00,0.040697634929319326
2017-01-04 00:00:00-05:00,0.0279330014475605
2017-01-05 00:00:00-05:00,0.11413038865661429
2017-01-06 00:00:00-05:00,-0.07317072177911899
2017-01-09 00:00:00-05:00,0.0
2017-01-10 00:00:00-05:00,-0.015789458824326585
2017-01-11 00:00:00-05:00,0.021390353877556167
2017-01-12 00:00:00-05:00,0.047120437147337935
2017-01-13 00:00:00-05:00,-0.0350000262260437
2017-01-17 00:00:00-05:00,-0.05181342349755991
2017-01-18 00:00:00-05:00,0.0
2017-01-19 00:00:00-05:00,-0.0437158694203621
2017-01-20 00:00:00-05:00,0.005714280264718097
2017-01-23 00:00:00-05:00,0.01136362558800319
2017-01-24 00:00:00-05:00,0.19101119080572215
2017-01-25 00:00:00-05:00,0.004717089349841386
2017-01-26 00:00:00-05:00,-0.02347426668941155
2017-01-27 00:00:00-05:00,-0.08653843949532292
2017-01-30 00:00:00-05:00,0.005263152941442195
2017-01-31 00:00:00-05:00,-0.08376961749607936
2017-02-01 00:00:00-05:00,-0.08571427209036686
2017-02-02 00:00:00-05:00,0.05625002002343504
2017-02-03 00:00:00-05:00,0.02366861567970302
2017-02-06 00:00:00-05:00,-0.0635838225967339
2017-02-07 00:00:00-05:00,-0.012345667202249944
2017-02-08 00:00:00-05:00,-0.012499987892806708
2017-02-09 00:00:00-05:00,0.012658215432457043
2017-02-10 00:00:00-05:00,-0.012499987892806708
2017-02-13 00:00:00-05:00,-0.10126587435748646
2017-02-14 00:00:00-05:00,-0.042253482107650564
2017-02-15 00:00:00-05:00,0.06617649443524898
2017-02-16 00:00:00-05:00,-0.04827589665525056
2017-02-17 00:00:00-05:00,-0.028985479703797723
2017-02-21 00:00:00-05:00,0.007462679264300887
2017-02-22 00:00:00-05:00,0.029629600849335302
2017-02-23 00:00:00-05:00,-0.021582713452168112
2017-02-24 00:00:00-05:00,-0.007352934086817808
2017-02-27 00:00:00-05:00,0.01481480042466754
2017-02-28 00:00:00-05:00,0.02189778925938235
2017-03-01 00:00:00-05:00,-0.014285700905079524
2017-03-02 00:00:00-05:00,-0.028985479703797723
2017-03-03 00:00:00-05:00,0.007462679264300887
2017-03-06 00:00:00-05:00,0.059259201698670605
2017-03-07 00:00:00-05:00,-0.020979001741372683
2017-03-08 00:00:00-05:00,0.0
2017-03-09 00:00:00-05:00,-0.06428573922235181
2017-03-10 00:00:00-05:00,0.007633671839197387
2017-03-13,0.0
2017-03-14,0.015151500099837678
2017-03-15,-0.014925358528601551
2017-03-16,-0.07575759080925315
2017-03-17,-0.12295079724630453
2017-03-20,-0.018691681453631315
2017-03-21,-0.38095237554606376
2017-03-22,0.1538461961689801
2017-03-23,-0.026666641235351562
2017-03-24,0.1643835638808273
2017-03-27,0.24705872123216954
2017-03-28,-0.00943395377648304
2017-03-29,-0.07619040698961566
2017-03-30,-0.020618597877583134
2017-03-31,0.07368420392192299
2017-04-03,-0.11764706569834438
2017-04-04,0.022222267845531718
2017-04-05,-0.021739174096029212
2017-04-06,-0.08888887269997259
2017-04-07,0.012195110427418276
2017-04-10,0.024096434859411042
2017-04-11,-0.01176476445577379
2017-04-12,0.0
2017-04-13,0.0
2017-04-17,-0.011904750923180218
2017-04-18,-0.22891566438103195
2017-04-19,-0.15624994761310396
2017-04-20,0.05555550036607193
2017-04-21,0.052631633983975634
2017-04-24,0.0
2017-04-25,0.0166666501098216
2017-04-26,-0.032786950921536606
2017-04-27,0.0
2017-04-28,-0.08474568565903096
2017-05-01,0.07407400048809576
2017-05-02,-0.068965453455194
2017-05-03,0.05555550036607193
2017-05-04,-0.05263152941442195
2017-05-05,-0.07407411086706317
2017-05-08,-0.04000002145767212
2017-05-09,-0.1250000077610216
2017-05-10,-0.04761900369272076
2017-05-11,-0.05000002607703169
2017-05-12,-0.026315764707210976
2017-05-15,0.02702700090373522
2017-05-16,-0.10526313725600922
2017-05-17,-0.08823529669570263
2017-05-18,-0.032258033504347416
2017-05-19,-0.09999999999999998
2017-05-22,-0.33333333333333337
2017-05-23,0.3333332505491078
2017-05-24,0.16666669771075315
2017-05-25,-0.1071428609441738
2017-05-26,0.0
2017-05-30,0.0
2017-05-31,-0.07999998331069946
2017-06-01,-0.043478283404402185
2017-06-02,0.22727278269026918
2017-06-05,-0.18518522197817433
2017-06-06,0.045454570084564105
2017-06-07,0.0
2017-06-08,-0.08695656680880426
2017-06-09,-0.04761900369272076
2017-06-12,0.0
2017-06-13,0.0
2017-06-14,-0.09999997764825852
2017-06-15,-0.11111116630059481
2017-06-16,0.0
2017-06-19,0.0
2017-06-20,-0.062499941792337754
2017-06-21,1.0
2017-06-22,-0.26666669978035684
2017-06-23,0.5454545700845641
2017-06-26,0.4999999561730557
2017-06-27,-0.09803918245800214
2017-06-28,-0.1739130688299524
2017-06-29,0.07894737254879813
2017-06-30,-0.07317073525310203
2017-07-03,-0.026315764707210976
2017-07-05,-0.0810810832580221
2017-07-06,0.20588232973867648
2017-07-07,-0.0975609561079388
2017-07-10,0.02702700090373522
2017-07-11,-0.026315764707210976
2017-07-12,-0.05405408235428677
2017-07-13,-0.057142803620318094
2017-07-14,-0.030303090509739783
2017-07-17,-0.062499941792337754
2017-07-18,-0.033333399560713795
2017-07-19,0.034482829494228984
2017-07-20,-0.06666669978035689
2017-07-21,-0.07142860944173757
2017-07-24,0.0
2017-07-25,0.15384624201870856
2017-07-26,-0.09999999999999998
2017-07-27,-0.03703711062301529
2017-07-28,0.0
2017-07-31,0.19230774521122518
2017-08-01,-0.06451616314521791
2017-08-02,-0.10344828294942288
2017-08-03,0.03846161781683777
2017-08-04,0.0
2017-08-07,0.0
2017-08-08,0.0
2017-08-09,0.0
2017-08-10,-0.07407411086706317
2017-08-11,0.0
2017-08-14,0.12000000476837158
2017-08-15,-0.07142860944173757
2017-08-16,0.0
2017-08-17,0.0
2017-08-18,0.19230774521122518
2017-08-21,-0.06451616314521791
2017-08-22,-0.068965453455194
2017-08-23,0.0
2017-08-24,0.03703700024404788
2017-08-25,0.035714251502436234
2017-08-28,0.13793111244365175
2017-08-29,0.15151509130844198
2017-08-30,-0.026315764707210976
2017-08-31,0.18918916741977942
2017-09-01,-0.06818182126057049
2017-09-05,-0.04878051439826525
2017-09-06,0.07692308280124727
2017-09-07,-0.023809501846360326
2017-09-08,0.07317073525310214
2017-09-11,-0.11363639134513459
2017-09-12,-0.05128200425668883
2017-09-13,-0.027027000903735332
2017-09-14,0.05555550036607193
2017-09-15,-0.026315764707210976
2017-09-18,-0.027027000903735332
2017-09-19,-0.055555583150297405
2017-09-20,0.11764703304297397
2017-09-21,0.026315764707210976
2017-09-22,0.025641078544558438
2017-09-25,-0.025000050291418274
2017-09-26,0.2307692484037418
2017-09-27,0.0625000038805108
2017-09-28,-0.07843135765358711
2017-09-29,-0.08510636544000938
2017-10-02,0.04651158277636491
2017-10-03,0.0
2017-10-04,-0.02222220161814692
2017-10-05,-0.045454570084564105
2017-10-06,-0.023809501846360326
2017-10-09,-0.04878051439826525
2017-10-10,0.05128208067290285
2017-10-11,-0.024390220854836775
2017-10-12,0.0
2017-10-13,0.0
2017-10-16,0.024999975785613415
2017-10-17,-0.024390220854836775
2017-10-18,-0.05000002607703169
2017-10-19,-0.026315764707210976
2017-10-20,0.02702700090373522
2017-10-23,-0.026315764707210976
2017-10-24,0.0
2017-10-25,0.13513508506549265
2017-10-26,-0.04761900369272076
2017-10-27,-0.1250000279396768
2017-10-30,0.14285717934978304
2017-10-31,-0.03750003818422498
2017-11-01,0.19480524607584693
2017-11-02,-0.19021740081123217
2017-11-03,-0.03355701476259032
2017-11-06 00:00:00-05:00,-0.006944520329984494
2017-11-07 00:00:00-05:00,-0.020979001741372683
2017-11-08 00:00:00-05:00,-0.07142858967489152
2017-11-09 00:00:00-05:00,0.0076923006385032355
2017-11-10 00:00:00-05:00,0.015267252678933252
2017-11-13 00:00:00-05:00,0.02255636873816247
2017-11-14 00:00:00-05:00,-0.014705868173635728
2017-11-15 00:00:00-05:00,-0.014925358528601551
2017-11-16 00:00:00-05:00,0.022727250149756628
2017-11-17 00:00:00-05:00,0.029629600849335302
2017-11-20 00:00:00-05:00,0.050359750483805366
2017-11-21 00:00:00-05:00,-0.027397315080268658
2017-11-22 00:00:00-05:00,0.5352113610150184
2017-11-24 00:00:00-05:00,1.7293576270921367
2017-11-27 00:00:00-05:00,0.09411772059970258
2017-11-28 00:00:00-05:00,-0.4086021859796696
2017-11-29 00:00:00-05:00,0.05194812754713096
2017-11-30 00:00:00-05:00,0.029629599977206045
2017-12-01 00:00:00-05:00,0.18705029225428937
2017-12-04 00:00:00-05:00,-0.05858585313684683
2017-12-05 00:00:00-05:00,0.09656658816248642
2017-12-06 00:00:00-05:00,-0.09001957458474807
2017-12-07 00:00:00-05:00,-0.015053800048545063
2017-12-08 00:00:00-05:00,-0.037117921206510474
2017-12-11 00:00:00-05:00,0.4285715212511516
2017-12-12 00:00:00-05:00,-0.07936507696227191
2017-12-13 00:00:00-05:00,-0.018965539637416318
2017-12-14 00:00:00-05:00,-0.045694240117256646
2017-12-15 00:00:00-05:00,0.05709023067766639
2017-12-18 00:00:00-05:00,0.10452968735098844
2017-12-19 00:00:00-05:00,-0.08201892246236897
2017-12-20 00:00:00-05:00,-0.02061861836027834
2017-12-21 00:00:00-05:00,-0.1403508316960529
2017-12-22 00:00:00-05:00,-0.09387755697839006
2017-12-26 00:00:00-05:00,0.020270304375678894
2017-12-27 00:00:00-05:00,0.04194251028331397
2017-12-28 00:00:00-05:00,-0.08686437831291971
2017-12-29 00:00:00-05:00,-0.04872390740950738
2018-01-02 00:00:00-05:00,0.0536586029624615
2018-01-03 00:00:00-05:00,-0.03009261788777262
2018-01-04 00:00:00-05:00,-0.028639590434441864
2018-01-05 00:00:00-05:00,-0.0343980587222007
2018-01-08 00:00:00-05:00,-0.010178107168846151
2018-01-09 00:00:00-05:00,-0.017994902255433542
2018-01-10 00:00:00-05:00,0.041884839954660524
2018-01-11 00:00:00-05:00,-0.03517590558624317
2018-01-12 00:00:00-05:00,0.08593754414081056
2018-01-16 00:00:00-05:00,-0.13908876535084003
2018-01-17 00:00:00-05:00,-0.033426152765479555
2018-01-18 00:00:00-05:00,0.0749279505243663
2018-01-19 00:00:00-05:00,-0.06166220318964433
2018-01-22 00:00:00-05:00,-0.04285717010498047
2018-01-23 00:00:00-05:00,0.014925430495003944
2018-01-24 00:00:00-05:00,0.032352909414826936
2018-01-25 00:00:00-05:00,-0.0028490001397227793
2018-01-26 00:00:00-05:00,-0.05714287076677593
2018-01-29 00:00:00-05:00,-0.05151510313084784
2018-01-30 00:00:00-05:00,-0.07348243152207334
2018-01-31 00:00:00-05:00,0.10689652847761844
2018-02-01 00:00:00-05:00,-0.043613739327240664
2018-02-02 00:00:00-05:00,-0.10097718225423291
2018-02-05 00:00:00-05:00,-0.14130438632310094
2018-02-06 00:00:00-05:00,0.10126583169860681
2018-02-07 00:00:00-05:00,0.015325747846490989
2018-02-08 00:00:00-05:00,-0.033962320509053345
2018-02-09 00:00:00-05:00,-0.03906246362021115
2018-02-12 00:00:00-05:00,0.028455256974518672
2018-02-13 00:00:00-05:00,-0.02766795811635747
2018-02-14 00:00:00-05:00,0.07723579442038497
2018-02-15 00:00:00-05:00,0.056603717566302336
2018-02-16 00:00:00-05:00,-0.05357137839404824
2018-02-20 00:00:00-05:00,0.011320743513260512
2018-02-21 00:00:00-05:00,-0.06343286270871074
2018-02-22 00:00:00-05:00,-0.03187247968526463
2018-02-23 00:00:00-05:00,-0.02880665421330264
2018-02-26 00:00:00-05:00,0.05084751242024477
2018-02-27 00:00:00-05:00,-0.036290287692390844
2018-02-28 00:00:00-05:00,-0.06694563966854028
2018-03-01 00:00:00-05:00,-0.05829601494574432
2018-03-02 00:00:00-05:00,0.004761900436850874
2018-03-05 00:00:00-05:00,-0.018957328834943277
2018-03-06 00:00:00-05:00,-0.048309134230700934
2018-03-07 00:00:00-05:00,-0.07614211877142063
2018-03-08 00:00:00-05:00,-0.07142856675002807
2018-03-09 00:00:00-05:00,-0.09467460379489001
2018-03-12,0.5882353674490068
2018-03-13,-0.18930042202049635
2018-03-14,-0.09644672815284061
2018-03-15,-0.08988762314219356
2018-03-16,0.018518500803375026
2018-03-19,-0.07272727666807577
2018-03-20,-0.12418296834253117
2018-03-21,0.20149251806042923
2018-03-22,-0.012422348291186713
2018-03-23,-0.11320758677892528
2018-03-26,-0.06382972787224006
2018-03-27,-0.09090909090909094
2018-03-28,0.0333333002196432
2018-03-29,-0.09677419664956521
2018-04-02,0.017857125751218117
2018-04-03,-0.017543843138140613
2018-04-04,0.09821429806856474
2018-04-05,-0.040650464024575284
2018-04-06,-0.04237284282951548
2018-04-09,0.026548647359614375
2018-04-10,0.008620681681899223
2018-04-11,0.008547000709448138
2018-04-12,0.2033898476313265
2018-04-13,0.05633806009374043
2018-04-16,-0.06000002225240075
2018-04-17,0.028368852488815266
2018-04-18,-0.01379317205385755
2018-04-19,-0.05594400464366045
2018-04-20,0.059259201698670605
2018-04-23,0.06993008916771815
2018-04-24,0.2614378978025753
2018-04-25,-0.0880828817123247
2018-04-26,0.02272725117600638
2018-04-27,0.05555557027275215
2018-04-30,-0.0473684392147119
2018-05-01,-0.1104972015453739
2018-05-02,-0.024844696582373316
2018-05-03,0.12101906475380053
2018-05-04,-0.06250000846656889
2018-05-07,-0.036363602210010226
2018-05-08,-0.08805030362005617
2018-05-09,0.04137926952167148
2018-05-10,-0.05298016120569693
2018-05-11,-0.041958003482745365
2018-05-14,0.05109492861930498
2018-05-15,-0.03472227051302046
2018-05-16,0.007194237817389482
2018-05-17,0.057142888769811995
2018-05-18,-0.006756750225933805
2018-05-21,-0.05442179684239734
2018-05-22,-0.028776951269557483
2018-05-23,-0.044444489577178836
2018-05-24,0.007751930820906638
2018-05-25,0.0
2018-05-29,0.01538469297646361
2018-05-30,-0.015151590409901994
2018-05-31,0.0692307974459867
2018-06-01,-0.028776951269557483
2018-06-04,-0.051851889789512606
2018-06-05,0.03906255675247072
2018-06-06,0.0
2018-06-07,-0.015037668789816938
2018-06-08,-0.015267161679471508
2018-06-11,-0.06976737738815952
2018-06-12,-0.025000074505802994
2018-06-13,0.008547000709448138
2018-06-14,0.025423806722535414
2018-06-15,0.0
2018-06-18,-0.01652890933552542
2018-06-19,-0.016806806028663912
2018-06-20,-0.017094001418896276
2018-06-21,0.0
2018-06-22,-0.04347822030685711
2018-06-25,-0.06363640994079744
2018-06-26,-0.048543644373911676
2018-06-27,0.0
2018-06-28,-0.03061227592911475
2018-06-29,-0.03157891764865317
2018-07-02,0.021739109308372973
2018-07-03,-0.01063828775385156
2018-07-05,0.0
2018-07-06,-0.0430107754301452
2018-07-09,0.022471956014182393
2018-07-10,-0.03296706607672484
2018-07-11,-0.03409087676400968
2018-07-12,-0.01176476445577379
2018-07-13,0.05952382557381353
2018-07-16,0.13483146819904634
2018-07-17,0.2376237740622773
2018-07-18,-0.1279999732971191
2018-07-19,0.045871514481795606
2018-07-20,-0.0438596078453517
2018-07-23,0.09174313832990855
2018-07-24,0.19327721748301308
2018-07-25,-0.11971828325521627
2018-07-26,-0.007999992370605447
2018-07-27,-0.056451654769131054
2018-07-30,-0.03418800283779255
2018-07-31,-0.07079649845391878
2018-08-01,-0.03809520349480777
2018-08-02,0.03960392300071258
2018-08-03,-0.01904760174740394
2018-08-06,-0.02912618662434696
2018-08-07,-0.009999990463256836
2018-08-08,-0.02020200074126499
2018-08-09,-0.010309329662834377
2018-08-10,0.0
2018-08-13,0.0
2018-08-14,-0.0625000038805108
2018-08-15,-0.011111100809073515
2018-08-16,-0.03370783356400553
2018-08-17,0.03488368708227374
2018-08-20,-0.01123594452133514
2018-08-21,-0.01136362558800319
2018-08-22,0.022988483697581552
2018-08-23,-0.03370783356400553
2018-08-24,0.023255791388182345
2018-08-27,0.034090944496560915
2018-08-28,0.09890106723095893
2018-08-29,-0.029999971389770508
2018-08-30,-0.04123713430708065
2018-08-31,0.05376345326492782
2018-09-04,0.020408143405366452
2018-09-05,-0.0899999737739563
2018-09-06,-0.010989065691980104
2018-09-07,-0.02222220161814692
2018-09-10,0.01136362558800319
2018-09-11,-0.04494377808534078
2018-09-12,-0.02352945878843815
2018-09-13,0.036144616382703276
2018-09-14,-0.023255860695907793
2018-09-17,-0.011904750923180218
2018-09-18,0.036144616382703276
2018-09-19,-0.034883756389998966
2018-09-20,0.0
2018-09-21,-0.012048181523292234
2018-09-24,-0.07317073525310203
2018-09-25,-0.039473647060816464
2018-09-26,0.054794466860145
2018-09-27,0.0
2018-09-28,-0.051948003693320643
2018-10-01,-0.01369861671503625
2018-10-02,-0.04166670805877948
2018-10-03,-0.028985479703797723
2018-10-04,0.04477607558580465
2018-10-05,-0.04285710271523857
2018-10-08,0.059701434114406204
2018-10-09,-0.056337976143534085
2018-10-10,-0.0597015230765604
2018-10-11,-0.06349209803242228
2018-10-12,0.03389837528843853
2018-10-15,0.01639342660450316
2018-10-16,0.048387050256521125
2018-10-17,-0.06153840510802655
2018-10-18,0.0
2018-10-19,0.03278685320900654
2018-10-22,0.03174600171093722
2018-10-23,-0.030769202554013275
2018-10-24,-0.01587300085546861
2018-10-25,0.032258033504347416
2018-10-26,0.03125006402842834
2018-10-29,-0.12121218141883072
2018-10-30,0.017241363363798445
2018-10-31,0.0
2018-11-01,0.08474578668385702
2018-11-02,0.03125006402842834
2018-11-05 00:00:00-05:00,0.10606059100892873
2018-11-06 00:00:00-05:00,0.10958901537048615
2018-11-07 00:00:00-05:00,0.07407407679948075
2018-11-08 00:00:00-05:00,-0.12643679735887026
2018-11-09 00:00:00-05:00,-0.039473647060816464
2018-11-12 00:00:00-05:00,-0.04109593179530491
2018-11-13 00:00:00-05:00,-0.028571401810159047
2018-11-14 00:00:00-05:00,-0.029411736347271344
2018-11-15 00:00:00-05:00,0.015151500099837678
2018-11-16 00:00:00-05:00,0.0
2018-11-19 00:00:00-05:00,-0.04477616454795885
2018-11-20 00:00:00-05:00,-0.031249970896168877
2018-11-21 00:00:00-05:00,-0.016129016752173708
2018-11-23 00:00:00-05:00,-0.049180377526039876
2018-11-26 00:00:00-05:00,0.017241363363798445
2018-11-27 00:00:00-05:00,0.016949238156632296
2018-11-28 00:00:00-05:00,0.10000000000000009
2018-11-29 00:00:00-05:00,-0.015151590409901994
2018-11-30 00:00:00-05:00,-0.04615380383101986
2018-12-03 00:00:00-05:00,-0.016129016752173708
2018-12-04 00:00:00-05:00,-0.049180377526039876
2018-12-06 00:00:00-05:00,-0.034482726727597
2018-12-07 00:00:00-05:00,-0.1071428609441738
2018-12-10 00:00:00-05:00,0.0
2018-12-11 00:00:00-05:00,0.0
2018-12-12 00:00:00-05:00,0.039999961853027344
2018-12-13 00:00:00-05:00,-0.1346153757981291
2018-12-14 00:00:00-05:00,-0.04444440323629384
2018-12-17 00:00:00-05:00,0.0697674434722726
2018-12-18 00:00:00-05:00,-0.08695656680880426
2018-12-19 00:00:00-05:00,0.09523814930126684
2018-12-20 00:00:00-05:00,-0.06521739271277516
2018-12-21 00:00:00-05:00,-0.023255860695907793
2018-12-24 00:00:00-05:00,-0.07142857649699375
2018-12-26 00:00:00-05:00,0.0
2018-12-27 00:00:00-05:00,0.0
2018-12-28 00:00:00-05:00,0.025641078544558438
2018-12-31 00:00:00-05:00,-0.09999997764825852
2019-01-02 00:00:00-05:00,0.05555550036607193
2019-01-03 00:00:00-05:00,0.0
2019-01-04 00:00:00-05:00,0.05263160784158716
2019-01-07 00:00:00-05:00,0.04999995157122683
2019-01-08 00:00:00-05:00,0.023809572804273094
2019-01-09 00:00:00-05:00,-0.023255860695907793
2019-01-10 00:00:00-05:00,-0.04761900369272076
2019-01-11 00:00:00-05:00,-0.025000050291418274
2019-01-14 00:00:00-05:00,-0.025641002128344415
2019-01-15 00:00:00-05:00,0.0
2019-01-16 00:00:00-05:00,-0.026315764707210976
2019-01-17 00:00:00-05:00,0.0
2019-01-18 00:00:00-05:00,0.02702700090373522
2019-01-22 00:00:00-05:00,-0.026315764707210976
2019-01-23 00:00:00-05:00,0.10810808416175743
2019-01-24 00:00:00-05:00,-0.024390220854836775
2019-01-25 00:00:00-05:00,-0.05000002607703169
2019-01-28 00:00:00-05:00,-0.026315764707210976
2019-01-29 00:00:00-05:00,-0.027027000903735332
2019-01-30 00:00:00-05:00,-0.02777783296726144
2019-01-31 00:00:00-05:00,-0.028571401810159047
2019-02-01 00:00:00-05:00,0.0
2019-02-04 00:00:00-05:00,0.38235292313008173
2019-02-05 00:00:00-05:00,-0.12765957986461252
2019-02-06 00:00:00-05:00,-0.024390220854836775
2019-02-07 00:00:00-05:00,-0.025000050291418274
2019-02-08 00:00:00-05:00,0.33333333333333326
2019-02-11 00:00:00-05:00,-0.03846150319251662
2019-02-12 00:00:00-05:00,0.13999998569488525
2019-02-13 00:00:00-05:00,-0.07017547712211625
2019-02-14 00:00:00-05:00,-0.01886790755296608
2019-02-15 00:00:00-05:00,0.03846161781683777
2019-02-19 00:00:00-05:00,0.3518518334553573
2019-02-20 00:00:00-05:00,-0.027397315080268658
2019-02-21 00:00:00-05:00,-0.11267603623727451
2019-02-22 00:00:00-05:00,0.17460319863125018
2019-02-25 00:00:00-05:00,-0.06756758280615438
2019-02-26 00:00:00-05:00,-0.057971045791138986
2019-02-27 00:00:00-05:00,-0.015384601277006582
2019-02-28 00:00:00-05:00,-0.015624985448084439
2019-03-01 00:00:00-05:00,0.01587300085546861
2019-03-04 00:00:00-05:00,-0.031249970896168877
2019-03-05 00:00:00-05:00,0.048387050256521125
2019-03-06 00:00:00-05:00,-0.06153840510802655
2019-03-07 00:00:00-05:00,0.0491802798135097
2019-03-08 00:00:00-05:00,-0.015624985448084439
2019-03-11,-0.01587300085546861
2019-03-12,0.0
2019-03-13,-0.016129016752173708
2019-03-14,-0.032786950921536606
2019-03-15,0.016949238156632296
2019-03-18,0.0333333002196432
2019-03-19,0.016129016752173708
2019-03-20,0.01587300085546861
2019-03-21,-0.046874956344253316
2019-03-22,-0.06557380413054315
2019-03-25,-0.1228070065365382
2019-03-26,0.0
2019-03-27,0.019999980926513672
2019-03-28,0.03921564960882984
2019-03-29,-0.01886790755296608
2019-04-01,0.09615387260561259
2019-04-02,0.19298248365865445
2019-04-03,0.11764703304297397
2019-04-04,-0.14473686274399078
2019-04-05,0.0
2019-04-08,0.06538464712673497
2019-04-09,-0.02166062931143853
2019-04-10,0.4243541847826662
2019-04-11,-0.17357509224977152
2019-04-12,0.037617518309275955
2019-04-15,-0.09365557345575704
2019-04-16,0.0566666920979817
2019-04-17,-0.0599369251254368
2019-04-18,0.10738252724652297
2019-04-22,-0.012121200736670112
2019-04-23,0.05521474456557396
2019-04-24,-0.09883725201522608
2019-04-25,-0.038709641693780994
2019-04-26,-0.0805369154364508
2019-04-29,0.04379557851876448
2019-04-30,0.031468585975201524
2019-05-01,-0.04067800747050254
2019-05-02,0.035335740546661
2019-05-03,0.003412965950654101
2019-05-06,0.0
2019-05-07,-0.030612296202803035
2019-05-08,0.021052695861705883
2019-05-09,-0.024055041098527963
2019-05-10,0.028169072021973385
2019-05-13,0.15753425552330924
2019-05-14,-0.05917160973729663
2019-05-15,0.012578604092237322
2019-05-16,0.021739109509576693
2019-05-17,-0.10334344015548658
2019-05-20,0.05762706275508256
2019-05-21,-0.035256377926473514
2019-05-22,-0.01328902391354203
2019-05-23,-0.037037081634600955
2019-05-24,0.041958086845887976
2019-05-28,-0.006711402952518042
2019-05-29,-0.04054058190241916
2019-05-30,0.028169072021973385
2019-05-31,-0.06506851104661837
2019-06-03,-0.09523809107938985
2019-06-04,-0.12550604825456846
2019-06-05,0.01851850012202405
2019-06-06,-0.08181821038900261
2019-06-07,0.06435649290515877
2019-06-10,-0.018604743487125486
2019-06-11,-0.023696661043679068
2019-06-12,0.004854364437391068
2019-06-13,0.053140162831832205
2019-06-14,0.06422012027451385
2019-06-17,-0.043103408409496224
2019-06-18,-0.022522500753112684
2019-06-19,-0.027649852114563944
2019-06-20,0.05213276729068683
2019-06-21,-0.022522500753112684
2019-06-24,0.14285711146562607
2019-06-25,0.07661292570934819
2019-06-26,0.29213481239762285
2019-06-27,-0.21449275342287877
2019-06-28,0.06642068790533351
2019-07-01,-0.08304498298442142
2019-07-02,0.056603717566302336
2019-07-03,-0.01071427567880967
2019-07-05,-0.0036101048852397177
2019-07-08,0.03260866466677248
2019-07-09,-0.0421052244121225
2019-07-10,-0.03296700129689223
2019-07-11,-0.06439396573437484
2019-07-12,-0.04048588740600689
2019-07-15,-0.012658216387505639
2019-07-16,-0.04700850390196476
2019-07-17,-0.01793720247125663
2019-07-18,0.04109585014510864
2019-07-19,-0.0438596078453517
2019-07-22,-0.03669732095175382
2019-07-23,0.023809615716916754
2019-07-24,0.004651158148692103
2019-07-25,-0.004629625030506013
2019-07-26,-0.013953585338433494
2019-07-29,-0.004716976888241464
2019-07-30,0.028436106247007764
2019-07-31,-0.0368664328626489
2019-08-01,-0.014354053886023399
2019-08-02,0.019417457749564715
2019-08-05,0.0
2019-08-06,-0.028571402621105912
2019-08-07,-0.00980391240220746
2019-08-08,0.03465343262562359
2019-08-09,-0.009569369257348859
2019-08-12,-0.024154567115350467
2019-08-13,0.019801961500356402
2019-08-14,-0.0436892799365205
2019-08-15,-0.015228411651818319
2019-08-16,-0.020618597877583134
2019-08-19,-0.06315789803903848
2019-08-20,-0.039325805824673155
2019-08-21,-0.029239807257405603
2019-08-22,0.06626507019093375
2019-08-23,-0.03954798530910497
2019-08-26,-0.04705884745376676
2019-08-27,-0.03703707519273092
2019-08-28,0.038461579608730645
2019-08-29,-0.03086416800562486
2019-08-30,0.06369420464437847
2019-09-03,0.04790421854561089
2019-09-04,0.03428568158830925
2019-09-05,0.005524922645682384
2019-09-06,0.005494500096186128
2019-09-09,-0.010929016211355558
2019-09-10,0.011049779429876505
2019-09-11,0.005464475534834312
2019-09-12,0.038043441289652646
2019-09-13,-0.01047119438535471
2019-09-16,-0.005291000285156167
2019-09-17,-0.00531914387692578
2019-09-18,-0.026737942346945265
2019-09-19,-0.0054945655957939765
2019-09-20,-0.005524856784194343
2019-09-23,-0.033333302427220435
2019-09-24,-0.040229914981853465
2019-09-25,0.07185629212701139
2019-09-26,-0.04469269576030488
2019-09-27,0.0
2019-09-30,0.02339179003549785
2019-10-01,-0.011428560529436416
2019-10-02,-0.040462457618686276
2019-10-03,-0.006024090761646117
2019-10-04,0.018181801105005002
2019-10-07,-0.017857126384770328
2019-10-08,-0.012121200736670112
2019-10-09,0.061349708057911734
2019-10-10,-0.005780341244511877
2019-10-11,-0.034883756389998966
2019-10-14,-0.006024090761646117
2019-10-15,0.0
2019-10-16,-0.030303001841675226
2019-10-17,0.01874998183921006
2019-10-18,-0.006134963492337775
2019-10-21,0.006172833601125083
2019-10-22,-0.19018401453153932
2019-10-23,-0.05303034065949652
2019-10-24,0.007999992370605558
2019-10-25,0.222222201197656
2019-10-28,0.012987000923330161
2019-10-29,-0.05128200425668883
2019-10-30,-0.060810832580220575
2019-10-31,-0.028776951269557483
2019-11-01,0.02222220063700142
2019-11-04 00:00:00-05:00,0.028985479703797834
2019-11-05 00:00:00-05:00,0.014084577986089863
2019-11-06 00:00:00-05:00,-0.04166670805877948
2019-11-07 00:00:00-05:00,-0.04347821955569664
2019-11-08 00:00:00-05:00,0.00757575004991895
2019-11-11 00:00:00-05:00,-0.06766919584552955
2019-11-12 00:00:00-05:00,0.016129016752173708
2019-11-13 00:00:00-05:00,-0.023809501283202916
2019-11-14 00:00:00-05:00,-0.03252029368516418
2019-11-15 00:00:00-05:00,-0.04201686480785671
2019-11-18 00:00:00-05:00,-0.09649124182932722
2019-11-19 00:00:00-05:00,-0.03883491549912932
2019-11-20 00:00:00-05:00,0.0
2019-11-21 00:00:00-05:00,0.010101000370632551
2019-11-22 00:00:00-05:00,0.09000003337860107
2019-11-25 00:00:00-05:00,0.2844036085197674
2019-11-26 00:00:00-05:00,-0.04285710271523857
2019-11-27 00:00:00-05:00,-0.0597015230765604
2019-11-29 00:00:00-05:00,0.01587300085546861
2019-12-02 00:00:00-05:00,0.023437478172126713
2019-12-03 00:00:00-05:00,-0.007633580839735754
2019-12-04 00:00:00-05:00,-0.030769202554013275
2019-12-05 00:00:00-05:00,0.0
2019-12-06 00:00:00-05:00,-0.0952380997433594
2019-12-09 00:00:00-05:00,-0.05263152941442195
2019-12-10 00:00:00-05:00,-0.046296360684027316
2019-12-11 00:00:00-05:00,0.0679612178606539
2019-12-12 00:00:00-05:00,-0.05454550971669481
2019-12-13 00:00:00-05:00,0.009615375798129211
2019-12-16 00:00:00-05:00,-0.057142805242211714
2019-12-17 00:00:00-05:00,0.0
2019-12-18 00:00:00-05:00,0.030303001111897654
2019-12-19 00:00:00-05:00,-0.04901956201103741
2019-12-20 00:00:00-05:00,-0.010309329662834377
2019-12-23 00:00:00-05:00,-0.010416656965389626
2019-12-24 00:00:00-05:00,-0.02105261176576878
2019-12-26 00:00:00-05:00,-0.01075267783478251
2019-12-27 00:00:00-05:00,-0.021739174096029212
2019-12-30 00:00:00-05:00,0.0
2019-12-31 00:00:00-05:00,-0.02222220161814692
2020-01-02 00:00:00-05:00,0.19318177046115714
2020-01-03 00:00:00-05:00,-0.08571426462964848
2020-01-06 00:00:00-05:00,0.010416719053562673
2020-01-07 00:00:00-05:00,0.12371134147315632
2020-01-08 00:00:00-05:00,-0.1284404045985037
2020-01-09 00:00:00-05:00,-0.02105261176576878
2020-01-10 00:00:00-05:00,0.0
2020-01-13 00:00:00-05:00,-0.021505355669564907
2020-01-14 00:00:00-05:00,0.08791206703858645
2020-01-15 00:00:00-05:00,0.0
2020-01-16 00:00:00-05:00,0.030303001111897654
2020-01-17 00:00:00-05:00,0.00980391240220757
2020-01-21 00:00:00-05:00,-0.048543644373911676
2020-01-22 00:00:00-05:00,0.0
2020-01-23 00:00:00-05:00,-0.04081634763179798
2020-01-24 00:00:00-05:00,-0.01063828775385156
2020-01-27 00:00:00-05:00,0.02150535566956502
2020-01-28 00:00:00-05:00,0.0631578980390386
2020-01-29 00:00:00-05:00,-0.01980196150035629
2020-01-30 00:00:00-05:00,0.08080812337848275
2020-01-31 00:00:00-05:00,-0.028037466475174244
2020-02-03 00:00:00-05:00,-0.01923075159625831
2020-02-04 00:00:00-05:00,0.0
2020-02-05 00:00:00-05:00,0.12745097810055195
2020-02-06 00:00:00-05:00,-0.03478257624548575
2020-02-07 00:00:00-05:00,0.02702700090373522
2020-02-10 00:00:00-05:00,-0.026315764707210976
2020-02-11 00:00:00-05:00,0.06306300210871574
2020-02-12 00:00:00-05:00,0.06779664955205078
2020-02-13 00:00:00-05:00,-0.007936500427734305
2020-02-14 00:00:00-05:00,0.0
2020-02-18 00:00:00-05:00,-0.1119999885559082
2020-02-19 00:00:00-05:00,-0.036036001204980406
2020-02-20 00:00:00-05:00,-0.028037466475174244
2020-02-21 00:00:00-05:00,-0.0096153757981291
2020-02-24 00:00:00-05:00,-0.048543644373911676
2020-02-25 00:00:00-05:00,-0.03061227592911475
2020-02-26 00:00:00-05:00,0.01052630588288439
2020-02-27 00:00:00-05:00,-0.031249970896168877
2020-02-28 00:00:00-05:00,-0.07526880893449261
2020-03-02 00:00:00-05:00,0.023255791388182345
2020-03-03 00:00:00-05:00,0.02272725117600638
2020-03-04 00:00:00-05:00,0.011111167036458314
2020-03-05 00:00:00-05:00,0.0
2020-03-06 00:00:00-05:00,-0.02197806588435247
2020-03-09,-0.19101119080572215
2020-03-10,0.027777750183035854
2020-03-11,-0.027027000903735332
2020-03-12,-0.25
2020-03-13,0.11111111111111116
2020-03-16,-0.18333334989017847
2020-03-17,-0.020408204226431526
2020-03-18,-0.1666666356225801
2020-03-19,0.19999995529651704
2020-03-20,0.08333331781129005
2020-03-23,-0.1346153757981291
2020-03-24,0.15555554378179814
2020-03-25,-0.03846150319251662
2020-03-26,0.039999961853027344
2020-03-27,-0.03846150319251662
2020-03-30,-0.019999980926513672
2020-03-31,-0.08163269526359607
2020-04-01,-0.11111107431811951
2020-04-02,0.12499995343387194
2020-04-03,0.022222267845531718
2020-04-06,0.08695650202114802
2020-04-07,0.0
2020-04-08,-0.04000002145767212
2020-04-09,-0.0416666278615585
2020-04-13,-0.043478283404402185
2020-04-14,0.02272725117600638
2020-04-15,0.0
2020-04-16,-0.04444440323629384
2020-04-17,0.0
2020-04-20,0.0
2020-04-21,-0.023255860695907793
2020-04-22,0.0
2020-04-23,0.19047622764462102
2020-04-24,-0.06000000238418579
2020-04-27,-0.02127657550770312
2020-04-28,-0.043478283404402185
2020-04-29,0.09090907243657687
2020-04-30,-0.0625000038805108
2020-05-01,-0.02222220161814692
2020-05-04,-0.02272725117600638
2020-05-05,0.04651158277636491
2020-05-06,0.15555554378179814
2020-05-07,0.28846161781683777
2020-05-08,0.34328351304429816
2020-05-11,-0.15555554378179826
2020-05-12,-0.18421050980480735
2020-05-13,0.19354839329913043
2020-05-14,0.1621621665160442
2020-05-15,-0.0697674434722727
2020-05-18,0.012499987892806708
2020-05-19,0.0
2020-05-20,0.024691334404499887
2020-05-21,-0.14457832190515985
2020-05-22,0.028169072021973385
2020-05-26,-0.01369861671503625
2020-05-27,0.0
2020-05-28,0.013888875091518038
2020-05-29,-0.04109593179530491
2020-06-01,0.04285718786473258
2020-06-02,0.12328763208552229
2020-06-03,0.12195124965136728
2020-06-04,0.18478262348413899
2020-06-05,-0.08256883543354943
2020-06-08,-0.0899999737739563
2020-06-09,-0.010989065691980104
2020-06-10,0.3888889256818804
2020-06-11,-0.25599999427795406
2020-06-12,0.0
2020-06-15,0.02150535566956502
2020-06-16,-0.01052630588288439
2020-06-17,-0.06382978993230626
2020-06-18,-0.02272725117600638
2020-06-19,-0.023255860695907793
2020-06-22,0.29761912786906786
2020-06-23,0.009174302896359121
2020-06-24,-0.10909091106131052
2020-06-25,0.0306122151080499
2020-06-26,-0.08910888576610376
2020-06-29,-0.0326087287502157
2020-06-30,0.022471956014182393
2020-07-01,0.021978000384744734
2020-07-02,-0.021505355669564907
2020-07-06,0.03296700057711699
2020-07-07,-0.042553214424603025
2020-07-08,0.1111111405455043
2020-07-09,-0.06000000238418579
2020-07-10,-0.01063828775385156
2020-07-13,-0.05376345326492771
2020-07-14,0.034090944496560915
2020-07-15,0.010989000192372256
2020-07-16,-0.010869554654186486
2020-07-17,-0.010989065691980104
2020-07-20,0.033333368654605344
2020-07-21,0.010752677834782398
2020-07-22,0.11702122870156417
2020-07-23,-0.08571426462964848
2020-07-24,0.08333331781129005
2020-07-27,0.3653846242018708
2020-07-28,0.2042254153709302
2020-07-29,0.06432749231065249
2020-07-30,-0.02197806588435247
2020-07-31,0.14044944045971386
2020-08-03,0.8866994963965322
2020-08-04,-0.13577023271147792
2020-08-05,0.26888213953811335
2020-08-06,0.21190485327152309
2020-08-07,-0.13948919781190772
2020-08-10,0.013698616715036138
2020-08-11,-0.13063066546168633
2020-08-12,-0.07512952583793475
2020-08-13,-0.005602235658404231
2020-08-14,0.09014082747635133
2020-08-17,-0.03875965410453308
2020-08-18,-0.08333331731057947
2020-08-19,-0.07917887804414547
2020-08-20,0.04140123301884602
2020-08-21,-0.17125380613025942
2020-08-24,-0.1476015091280003
2020-08-25,0.05627710721260604
2020-08-26,0.04098356651125812
2020-08-27,-0.1102362108641528
2020-08-28,0.1327433422930191
2020-08-31,-0.031249970896168877
2020-09-01,0.03629028769239073
2020-09-02,-0.07392989250475979
2020-09-03,-0.11764714132130372
2020-09-04,-0.004761900436850985
2020-09-08,-0.1148324881261269
2020-09-09,0.06486486660641755
2020-09-10,-0.040609158250511146
2020-09-11,-0.04761906564010443
2020-09-14,0.1000000397364309
2020-09-15,0.0
2020-09-16,0.04545450166784626
2020-09-17,-0.03864730738456079
2020-09-18,-0.03517590558624317
2020-09-21,-0.015624985448084439
2020-09-22,-0.03703700199609339
2020-09-23,-0.09890113273056667
2020-09-24,0.06707318003939289
2020-09-25,0.10285711288452148
2020-09-28,0.046632142914276864
2020-09-29,0.0
2020-09-30,-0.029702942250534492
2020-10-01,-0.005102035851341613
2020-10-02,0.0051282001121668586
2020-10-05,0.0
2020-10-06,-0.0459183834831397
2020-10-07,0.037433183034006445
2020-10-08,0.10309280504365881
2020-10-09,0.009345785021542818
2020-10-12,0.12037036117212319
2020-10-13,-0.024793462523359122
2020-10-14,-0.04661012711246704
2020-10-15,0.03555552164713549
2020-10-16,-0.06437762311608386
2020-10-19,0.07339442317087297
2020-10-20,0.05128210614497419
2020-10-21,0.15447149192264997
2020-10-22,0.05633806009374043
2020-10-23,-0.08666666348775232
2020-10-26,-0.07299271787868722
2020-10-27,0.08661418579303093
2020-10-28,-0.14855075624905034
2020-10-29,-0.029787206844054115
2020-10-30,-0.05263152941442195
2020-11-02 00:00:00-05:00,-0.027777860562003376
2020-11-03 00:00:00-05:00,0.05714291877487354
2020-11-04 00:00:00-05:00,0.0585585019580932
2020-11-05 00:00:00-05:00,0.06382983040626322
2020-11-06 00:00:00-05:00,-0.035999965667724565
2020-11-09 00:00:00-05:00,-0.08298756869744217
2020-11-10 00:00:00-05:00,-0.009049764968910634
2020-11-11 00:00:00-05:00,0.0639268780035025
2020-11-12 00:00:00-05:00,-0.012875524623216728
2020-11-13 00:00:00-05:00,0.03913050193642542
2020-11-16 00:00:00-05:00,0.0376568662003971
2020-11-17 00:00:00-05:00,0.2499999519317384
2020-11-18 00:00:00-05:00,-0.06774187296411682
2020-11-19 00:00:00-05:00,0.06920408373887188
2020-11-20 00:00:00-05:00,0.09708744306406003
2020-11-23 00:00:00-05:00,0.4513274112223129
2020-11-24 00:00:00-05:00,-0.002032566814382797
2020-11-25 00:00:00-05:00,0.042769866532206935
2020-11-27 00:00:00-05:00,-0.16406244033714623
2020-11-30 00:00:00-05:00,0.4672896967193272
2020-12-01 00:00:00-05:00,-0.014331234009725802
2020-12-02 00:00:00-05:00,-0.06946685369365069
2020-12-03 00:00:00-05:00,0.026041599404483362
2020-12-04 00:00:00-05:00,-0.08629437651643901
2020-12-07 00:00:00-05:00,0.020370394735505837
2020-12-08 00:00:00-05:00,-0.05989117728406723
2020-12-09 00:00:00-05:00,-0.07722000613628688
2020-12-10 00:00:00-05:00,0.09205011737874846
2020-12-11 00:00:00-05:00,-0.09003827760199867
2020-12-14 00:00:00-05:00,0.1663157814427425
2020-12-15 00:00:00-05:00,0.2761733249717555
2020-12-16 00:00:00-05:00,0.1640734572008311
2020-12-17 00:00:00-05:00,0.1506683832032798
2020-12-18 00:00:00-05:00,-0.016895442756128753
2020-12-21 00:00:00-05:00,0.2352308788052091
2020-12-22 00:00:00-05:00,0.21478263191554858
2020-12-23 00:00:00-05:00,-0.22619898260633242
2020-12-24 00:00:00-05:00,0.010175731027505908
2020-12-28 00:00:00-05:00,0.12179486395731165
2020-12-29 00:00:00-05:00,-0.03999998131576854
2020-12-30 00:00:00-05:00,-0.0748299402477639
2020-12-31 00:00:00-05:00,-0.04044122513138659
2021-01-04 00:00:00-05:00,0.05459776546060047
2021-01-05 00:00:00-05:00,0.23433241326717735
2021-01-06 00:00:00-05:00,0.24797637189452337
2021-01-07 00:00:00-05:00,0.3183963335719018
2021-01-08 00:00:00-05:00,0.1802324986266408
2021-01-11 00:00:00-05:00,-0.11481617466370242
2021-01-12 00:00:00-05:00,0.119434885928144
2021-01-13 00:00:00-05:00,-0.12045887818285617
2021-01-14 00:00:00-05:00,0.06260871887207031
2021-01-15 00:00:00-05:00,-0.0838789320627249
2021-01-19 00:00:00-05:00,-0.001786467586828211
2021-01-20 00:00:00-05:00,-0.1378076004982831
2021-01-21 00:00:00-05:00,-0.08873902185779914
2021-01-22 00:00:00-05:00,0.04214121831571771
2021-01-25 00:00:00-05:00,-0.0043715807126396555
2021-01-26 00:00:00-05:00,0.020856261385076458
2021-01-27 00:00:00-05:00,-0.05107530878794453
2021-01-28 00:00:00-05:00,0.12747875629627692
2021-01-29 00:00:00-05:00,0.042211063753273104
2021-02-01 00:00:00-05:00,0.0
2021-02-02 00:00:00-05:00,0.09643201649332389
2021-02-03 00:00:00-05:00,0.040897111457185
2021-02-04 00:00:00-05:00,-0.036755421902373575
2021-02-05 00:00:00-05:00,-0.01228064862571343
2021-02-08 00:00:00-05:00,0.4240674530611843
2021-02-09 00:00:00-05:00,0.17212349579955077
2021-02-10 00:00:00-05:00,-0.0952381435627162
2021-02-11 00:00:00-05:00,0.095854228083464
2021-02-12 00:00:00-05:00,0.03192912830944428
2021-02-16 00:00:00-05:00,0.13260536688045232
2021-02-17 00:00:00-05:00,0.0996326909036549
2021-02-18 00:00:00-05:00,-0.14446767772865132
2021-02-19 00:00:00-05:00,0.05588094048578829
2021-02-22 00:00:00-05:00,-0.1423619085334874
2021-02-23 00:00:00-05:00,-0.2303961466932507
2021-02-24 00:00:00-05:00,0.1698179437031615
2021-02-25 00:00:00-05:00,-0.08320864110572102
2021-02-26 00:00:00-05:00,-0.01567089635611718
2021-03-01 00:00:00-05:00,0.276948606537885
2021-03-02 00:00:00-05:00,-0.09376624961952107
2021-03-03 00:00:00-05:00,0.049584395887080523
2021-03-04 00:00:00-05:00,-0.12588751351212268
2021-03-05 00:00:00-05:00,-0.06185559945986463
2021-03-08 00:00:00-05:00,-0.05061606470224367
2021-03-09 00:00:00-05:00,0.2897229099463179
2021-03-10 00:00:00-05:00,0.03861838866650036
2021-03-11 00:00:00-05:00,0.09478928716300894
2021-03-12 00:00:00-05:00,-0.026548686292573342
2021-03-15,0.058968001626354516
2021-03-16,-0.10997675247287098
2021-03-17,0.12565171058739577
2021-03-18,-0.03751734415088881
2021-03-19,0.03585172797244174
2021-03-22,-0.07108008392156906
2021-03-23,-0.04876220757923744
2021-03-24,-0.10515246855231442
2021-03-25,0.0047003479174152485
2021-03-26,0.055263138815380364
2021-03-29,0.05652537841236516
2021-03-30,0.15761862452605158
2021-03-31,0.08790215500150556
2021-04-01,0.017284423332887044
2021-04-05,0.1578301563971265
2021-04-06,-0.07266620421781678
2021-04-07,-0.11801720402986215
2021-04-08,0.07695636624426538
2021-04-09,-0.016459247287177514
2021-04-12,0.021836728465800315
2021-04-13,0.018574002613223728
2021-04-14,-0.15745095645680152
2021-04-15,-0.01931584378579887
2021-04-16,-0.0761746352863304
2021-04-19,-0.08682252868274087
2021-04-20,-0.05569619085032773
2021-04-21,0.040512380777925516
2021-04-22,-0.11079303765880466
2021-04-23,0.03992272351703785
2021-04-26,0.05696595034208851
2021-04-27,-0.0005858365003291732
2021-04-28,0.10316531559074194
2021-04-29,-0.08979811697459228
2021-04-30,0.07355518333986
2021-05-03,-0.015225600249583637
2021-05-04,-0.06267256712476732
2021-05-05,-0.011782077080703779
2021-05-06,-0.0640834476131763
2021-05-07,-0.0022292896711664234
2021-05-10,-0.11203320259908367
2021-05-11,-0.06721779124363791
2021-05-12,-0.11946051215139075
2021-05-13,-0.1396061479563282
2021-05-14,0.17395727888289514
2021-05-17,-0.031195810907042598
2021-05-18,0.028175274757145763
2021-05-19,-0.05567641145666935
2021-05-20,0.008291124494082647
2021-05-21,-0.045682961529587396
2021-05-24,0.10818574891877342
2021-05-25,-0.022894116113619356
2021-05-26,0.11671084401860288
2021-05-27,0.022961200255370295
2021-05-28,-0.04140865667591942
2021-06-01,0.017359721325358457
2021-06-02,0.0015872621812589305
2021-06-03,-0.05744844963311124
2021-06-04,0.02353927887312013
2021-06-07,0.0016426697146645353
2021-06-08,-0.030750308272591176
2021-06-09,0.10575296381330324
2021-06-10,0.01415458484593235
2021-06-11,0.001508827153276826
2021-06-14,0.12768366833943423
2021-06-15,0.024382081804104505
2021-06-16,-0.022823630948749507
2021-06-17,0.0030030081631595706
2021-06-18,-0.037924132065938476
2021-06-21,-0.03769018498313825
2021-06-22,-0.01760689085380751
2021-06-23,0.009875656776033859
2021-06-24,0.06772904348229769
2021-06-25,-0.043758447361253006
2021-06-28,0.06810926001843476
2021-06-29,0.05911653082746615
2021-06-30,-0.016306006910236315
2021-07-01,-0.02167677038520599
2021-07-02,-0.013033548764079694
2021-07-06,-0.018818144105127943
2021-07-07,-0.038021506960763785
2021-07-08,-0.02798178498743842
2021-07-09,-0.0035984303049753086
2021-07-12,-0.011556507354726575
2021-07-13,-0.05151632121032246
2021-07-14,-0.05084744766473215
2021-07-15,-0.0064935004616650804
2021-07-16,-0.04697710947854117
2021-07-19,-0.04200598137338751
2021-07-20,0.012527909374400847
2021-07-21,0.10737960208980679
2021-07-22,0.007980876584265717
2021-07-23,-0.024544767759918762
2021-07-26,0.2004870396276459
2021-07-27,-0.08654494498124532
2021-07-28,0.042190946348444
2021-07-29,-0.024147738240782424
2021-07-30,0.0054585014930486064
2021-08-02,0.021715541067467647
2021-08-03,-0.038965653535486644
2021-08-04,0.05860671587809074
2021-08-05,0.09575209142575702
2021-08-06,0.08833812352407011
2021-08-09,0.05051093553974684
2021-08-10,-0.0077820673390556205
2021-08-11,-0.01456583884175966
2021-08-12,-0.038089827770432017
2021-08-13,-0.028368767143733042
2021-08-16,0.0048661752498320165
2021-08-17,-0.07233659899427769
2021-08-18,0.004241470464379393
2021-08-19,0.03346324744377793
2021-08-20,0.10845642607710793
2021-08-23,0.042541125110716616
2021-08-24,0.03318828281851349
2021-08-25,0.009215436888805995
2021-08-26,-0.055048278360426695
2021-08-27,0.10988402562397992
2021-08-30,0.008457715077989203
2021-08-31,0.0012333309307202
2021-09-01,0.014535603606058878
2021-09-02,0.024769316420706122
2021-09-03,0.028672963568647347
2021-09-07,-0.09260540133365891
2021-09-08,-0.0533129856984198
2021-09-09,0.04290690358912985
2021-09-10,-0.08099762819796008
2021-09-13,-0.004197020672477514
2021-09-14,-0.02556897565357108
2021-09-15,0.06833906894548258
2021-09-16,-0.019163268531526834
2021-09-17,-0.013758943255381184
2021-09-20,-0.05440850319858748
2021-09-21,-0.01917963183499438
2021-09-22,0.07400718893664404
2021-09-23,0.05602240776633871
2021-09-24,-0.04031831371361383
2021-09-27,-0.027916034486212604
2021-09-28,-0.06880859524986105
2021-09-29,-0.06534349281369278
2021-09-30,0.031688967462041306
2021-10-01,0.05034826627867406
2021-10-04,0.0138680411384704
2021-10-05,0.10585778904327792
2021-10-06,0.04759345316276775
2021-10-07,-0.01386039343472567
2021-10-08,0.02785017075785201
2021-10-11,0.08787027750110199
2021-10-12,-0.04888264708739509
2021-10-13,0.071708278546464
2021-10-14,-0.004567270124640199
2021-10-15,0.12158750214516556
2021-10-18,0.05236247505114622
2021-10-19,0.04781339257519801
2021-10-20,-0.015581527638016013
2021-10-21,-0.040700958353741434
2021-10-22,-0.028481649327939618
2021-10-25,0.10574200645058696
2021-10-26,-0.03346129205173731
2021-10-27,-0.053348461261121916
2021-10-28,0.006994373855266911
2021-10-29,0.03671367952424309
2021-11-01,0.06259564582698496
2021-11-02,0.14105570289699165
2021-11-03,0.02083996694571444
2021-11-04,-0.005722281559332076
2021-11-05,-0.007310642619536956
2021-11-08 00:00:00-05:00,0.17988096853382807
2021-11-09 00:00:00-05:00,0.010491278275112537
2021-11-10 00:00:00-05:00,-0.14785123592387173
2021-11-11 00:00:00-05:00,0.09022218436025797
2021-11-12 00:00:00-05:00,0.07398494195659588
2021-11-15 00:00:00-05:00,-0.2702844723125929
2021-11-16 00:00:00-05:00,-0.0005415630535700044
2021-11-17 00:00:00-05:00,-0.0798265893843112
2021-11-18 00:00:00-05:00,0.010009780449388606
2021-11-19 00:00:00-05:00,0.06257289696833124
2021-11-22 00:00:00-05:00,-0.0934528270269207
2021-11-23 00:00:00-05:00,0.051442389605800276
2021-11-24 00:00:00-05:00,0.005180361920508414
2021-11-26 00:00:00-05:00,-0.060889457222236265
2021-11-29 00:00:00-05:00,0.04451216651928647
2021-11-30 00:00:00-05:00,-0.006226886527044395
2021-12-01 00:00:00-05:00,-0.005482646974154015
2021-12-02 00:00:00-05:00,-0.03386495746601359
2021-12-03 00:00:00-05:00,-0.15141635115924978
2021-12-06 00:00:00-05:00,0.004082660569991292
2021-12-07 00:00:00-05:00,0.0930399249432563
2021-12-08 00:00:00-05:00,0.020568897396414876
2021-12-09 00:00:00-05:00,-0.1129931502300433
2021-12-10 00:00:00-05:00,-0.022480065970197805
2021-12-13 00:00:00-05:00,-0.08902073680446265
2021-12-14 00:00:00-05:00,0.01330080554932822
2021-12-15 00:00:00-05:00,0.03750328536059677
2021-12-16 00:00:00-05:00,-0.08313971749965055
2021-12-17 00:00:00-05:00,-0.04674739301256148
2021-12-20 00:00:00-05:00,-0.04076801523264473
2021-12-21 00:00:00-05:00,0.06036338191521051
2021-12-22 00:00:00-05:00,-0.008713309160658045
2021-12-23 00:00:00-05:00,0.1171989415416943
2021-12-27 00:00:00-05:00,0.033307118336948216
2021-12-28 00:00:00-05:00,-0.10812187744288271
2021-12-29 00:00:00-05:00,-0.03500283334093235
2021-12-30 00:00:00-05:00,0.014155103049136697
2021-12-31 00:00:00-05:00,-0.04448964252547827
2022-01-03 00:00:00-05:00,0.0009129269245182758
2022-01-04 00:00:00-05:00,0.03770148073815616
2022-01-05 00:00:00-05:00,-0.13214181329443753
2022-01-06 00:00:00-05:00,-0.010803564925933151
2022-01-07 00:00:00-05:00,-0.027645033687162757
2022-01-10 00:00:00-05:00,0.015444034313530253
2022-01-11 00:00:00-05:00,0.022468012847341123
2022-01-12 00:00:00-05:00,0.026369191638178524
2022-01-13 00:00:00-05:00,-0.07444005874332116
2022-01-14 00:00:00-05:00,0.01743771403794314
2022-01-18 00:00:00-05:00,-0.08814272278118784
2022-01-19 00:00:00-05:00,-0.04679705898104414
2022-01-20 00:00:00-05:00,-0.0008048473825612579
2022-01-21 00:00:00-05:00,-0.11155861724828509
2022-01-24 00:00:00-05:00,0.03807797701376803
2022-01-25 00:00:00-05:00,-0.03144101857416104
2022-01-26 00:00:00-05:00,-0.03246173177622136
2022-01-27 00:00:00-05:00,-0.07781911650469908
2022-01-28 00:00:00-05:00,0.11015655871530106
2022-01-31 00:00:00-05:00,0.07146115845431655
2022-02-01 00:00:00-05:00,0.0632965043826883
2022-02-02 00:00:00-05:00,-0.0803036425785737
2022-02-03 00:00:00-05:00,-0.07862733871843075
2022-02-04 00:00:00-05:00,0.10843947400700071
2022-02-07 00:00:00-05:00,0.08804762546455613
2022-02-08 00:00:00-05:00,0.029319781166416092
2022-02-09 00:00:00-05:00,0.10102544075654163
2022-02-10 00:00:00-05:00,-0.0058640937439161656
2022-02-11 00:00:00-05:00,-0.06557943822559664
2022-02-14 00:00:00-05:00,-0.05124400491930203
2022-02-15 00:00:00-05:00,0.12054794581905437
2022-02-16 00:00:00-05:00,-0.008033515507451017
2022-02-17 00:00:00-05:00,-0.09436620919625471
2022-02-18 00:00:00-05:00,-0.07115085429865742
2022-02-22 00:00:00-05:00,-0.05692753192753197
2022-02-23 00:00:00-05:00,-0.06613403132301499
2022-02-24 00:00:00-05:00,0.091254661853573
2022-02-25 00:00:00-05:00,0.0047909675408459584
2022-02-28 00:00:00-05:00,0.09882967996558012
2022-03-01 00:00:00-05:00,0.028796825690383
2022-03-02 00:00:00-05:00,0.030674817461689097
2022-03-03 00:00:00-05:00,-0.08258926274799705
2022-03-04 00:00:00-05:00,-0.07461476739550688
2022-03-07 00:00:00-05:00,-0.05872042815547518
2022-03-08 00:00:00-05:00,0.040502833229707935
2022-03-09 00:00:00-05:00,0.14899328263398792
2022-03-10 00:00:00-05:00,-0.03621496472444907
2022-03-11 00:00:00-05:00,-0.09131314056088224
2022-03-14,-0.04802133991539648
2022-03-15,0.046707146526246746
2022-03-16,0.08121373079948468
2022-03-17,0.10028891254991334
2022-03-18,0.04726182430958059
2022-03-21,-0.010386852246951683
2022-03-22,0.06550855694057134
2022-03-23,-0.0064538223712943266
2022-03-24,0.03692307431473685
2022-03-25,-0.0474777625347802
2022-03-28,0.08238148557967828
2022-03-29,-0.004157373399812592
2022-03-30,-0.050738598416006364
2022-03-31,-0.05446545101795053
2022-04-01,0.021109128317814196
2022-04-04,0.013314616278090607
2022-04-05,-0.09197786446731515
2022-04-06,-0.07882710117220593
2022-04-07,-0.01736254927744285
2022-04-08,-0.04585612669737571
2022-04-11,-0.0335097098172612
2022-04-12,-0.03467154316772847
2022-04-13,0.05387520783880628
2022-04-14,-0.04798205073684392
2022-04-18,-0.015544038192253917
2022-04-19,0.028708152747417115
2022-04-20,-0.03627910170444226
2022-04-21,-0.06756755139600523
2022-04-22,-0.060559011116723016
2022-04-25,0.031404942523650226
2022-04-26,-0.08653840765523368
2022-04-27,-0.022222284189362895
2022-04-28,0.008373283657090225
2022-04-29,-0.07473310695541913
2022-05-02,0.06794868205269333
2022-05-03,0.007202931592585671
2022-05-04,0.058402830878086176
2022-05-05,-0.1047297627466679
2022-05-06,-0.05974841711052514
2022-05-09,-0.19197323894147633
2022-05-10,-0.02317878598837686
2022-05-11,-0.15423734060000827
2022-05-12,0.01703407656227718
2022-05-13,0.12216756368430626
2022-05-16,-0.09394210853784646
2022-05-17,0.07461244966410696
2022-05-18,-0.08385935909647058
2022-05-19,0.018700840247159345
2022-05-20,-0.056038637906184574
2022-05-23,0.016376646869547207
2022-05-24,-0.0936556169782835
2022-05-25,0.030000050862630134
2022-05-26,0.06256741047087022
2022-05-27,0.04263960000286593
2022-05-31,-0.003894928310066881
2022-06-01,-0.09872916132963272
2022-06-02,0.013015171592587471
2022-06-03,-0.05781584079561353
2022-06-06,0.01477273995718642
2022-06-07,-0.026875780133330696
2022-06-08,-0.0184119511090991
2022-06-09,-0.10199295577891432
2022-06-10,-0.01566578171664368
2022-06-13,-0.11803711816821671
2022-06-14,0.04360901619460855
2022-06-15,-0.010086479983317576
2022-06-16,-0.04366808135300149
2022-06-17,0.006088274095571666
2022-06-21,0.09228436374522753
2022-06-22,-0.06509692574093195
2022-06-23,0.044444472701461235
2022-06-24,0.05248225185090605
2022-06-27,-0.07681942935316977
2022-06-28,-0.061313880604568216
2022-06-29,-0.09797817331614744
2022-06-30,-0.07931034879650412
2022-07-01,0.03745314673225475
2022-07-05,0.0956679085663883
2022-07-06,-0.06919276184781231
2022-07-07,0.24070798416968175
2022-07-08,0.21398002154405993
2022-07-11,-0.08225620061989947
2022-07-12,-0.017925719271615015
2022-07-13,0.01173404846058057
2022-07-14,0.03092780464424627
2022-07-15,0.004999995231628418
2022-07-18,0.21393038248626928
2022-07-19,0.3217212413947017
2022-07-20,-0.03333328404783753
2022-07-21,0.08179626962689612
2022-07-22,-0.07931799206661727
2022-07-25,-0.0684380335143574
2022-07-26,-0.1261884249487143
2022-07-27,0.21859546124587226
2022-07-28,0.07142858248694739
2022-07-29,-0.01590909402889329
2022-08-01,-0.0554271998491741
2022-08-02,0.05623468252983743
2022-08-03,0.024691334404499887
2022-08-04,0.010542194739293853
2022-08-05,0.055886735896883755
2022-08-08,0.018348639906982767
2022-08-09,-0.02217606664802052
2022-08-10,0.15946144637994752
2022-08-11,0.05073348977633185
2022-08-12,0.0610819781523706
2022-08-15,-0.03234649999952943
2022-08-16,-0.043626089201456275
2022-08-17,-0.08471560560412505
2022-08-18,0.009061511006543732
2022-08-19,-0.15458626195151492
2022-08-22,-0.01896813309646317
2022-08-23,0.060324803910403846
2022-08-24,0.0051057399437965945
2022-08-25,-0.06531202002688419
2022-08-26,-0.11878879808826803
2022-08-29,0.04052863636004633
2022-08-30,-0.023708778721160728
2022-08-31,0.02775374292364119
2022-09-01,-0.028691995075338705
2022-09-02,-0.011294536216837847
2022-09-06,-0.022847120058628323
2022-09-07,0.050359750483805366
2022-09-08,0.1352739625362771
2022-09-09,0.06787327322739922
2022-09-12,0.019067829143587067
2022-09-13,-0.11157315151088976
2022-09-14,-0.01716063327546813
2022-09-15,-0.042063545285677684
2022-09-16,-0.09527751844297139
2022-09-19,-0.004578772013327015
2022-09-20,-0.0561177242961739
2022-09-21,0.05750488688363231
2022-09-22,-0.03041473844274223
2022-09-23,-0.09980989971915566
2022-09-26,0.014783462059221542
2022-09-27,0.027055175668105447
2022-09-28,0.10942248594006743
2022-09-29,-0.01643829722710699
2022-09-30,-0.00557106936550289
2022-10-03,0.034547141385734115
2022-10-04,0.16245489197916863
2022-10-05,-0.003105587072796623
2022-10-06,0.020249238768851097
2022-10-07,-0.1442748311668911
2022-10-10,-0.0401427125543099
2022-10-11,-0.027881058025408523
2022-10-12,-0.0038240881173183805
2022-10-13,0.07677544960435334
2022-10-14,-0.0819964397859656
2022-10-17,0.13495139455422356
2022-10-18,-0.026518347054741098
2022-10-19,-0.027240809885697326
2022-10-20,-0.013550101415125249
2022-10-21,0.07142854647633934
2022-10-24,0.10256408793399019
2022-10-25,0.14418609808947247
2022-10-26,-0.06571817425386939
2022-10-27,-0.010152309188544817
2022-10-28,0.01465207095448906
2022-10-31,-0.053429653748063854
2022-11-01,-0.06788706429867364
2022-11-02,-0.10638299200716361
2022-11-03,-0.037545773310219244
2022-11-04,0.03139865999233793
2022-11-07 00:00:00-05:00,-0.03136532728800012
2022-11-08 00:00:00-05:00,-0.0514285677955264
2022-11-09 00:00:00-05:00,-0.035140600414580225
2022-11-10 00:00:00-05:00,0.03850155034105529
2022-11-11 00:00:00-05:00,-0.021041993397286185
2022-11-14 00:00:00-05:00,-0.025588535136796153
2022-11-15 00:00:00-05:00,-0.0021008883195338113
2022-11-16 00:00:00-05:00,-0.125263113724558
2022-11-17 00:00:00-05:00,-0.03369442509106668
2022-11-18 00:00:00-05:00,-0.06973847589062554
2022-11-21 00:00:00-05:00,-0.17135204403243387
2022-11-22 00:00:00-05:00,0.0371567070997354
2022-11-23 00:00:00-05:00,0.009345785368615855
2022-11-25 00:00:00-05:00,-0.04012349199329335
2022-11-28 00:00:00-05:00,-0.03858517350701862
2022-11-29 00:00:00-05:00,-0.015050192692446673
2022-11-30 00:00:00-05:00,0.07300514684601356
2022-12-01 00:00:00-05:00,-0.01740508394408602
2022-12-02 00:00:00-05:00,0.1127213856626661
2022-12-05 00:00:00-05:00,-0.11143270592326993
2022-12-06 00:00:00-05:00,-0.05700324303637172
2022-12-07 00:00:00-05:00,-0.07253887375839096
2022-12-08 00:00:00-05:00,0.003724391313358666
2022-12-09 00:00:00-05:00,-0.07235619223491463
2022-12-12 00:00:00-05:00,0.01400003433227548
2022-12-13 00:00:00-05:00,-0.08086791131506321
2022-12-14 00:00:00-05:00,0.012875524623216839
2022-12-15 00:00:00-05:00,-0.0805084013760794
2022-12-16 00:00:00-05:00,-0.10599078847328613
2022-12-19 00:00:00-05:00,-0.0025773785017727535
2022-12-20 00:00:00-05:00,0.010335969368078679
2022-12-21 00:00:00-05:00,-0.06649615978410373
2022-12-22 00:00:00-05:00,0.005479446686014411
2022-12-23 00:00:00-05:00,-0.013624029889763523
2022-12-27 00:00:00-05:00,-0.10497234476117967
2022-12-28 00:00:00-05:00,-0.02777775120506243
2022-12-29 00:00:00-05:00,0.0825396770132254
2022-12-30 00:00:00-05:00,0.002932548449136041
2023-01-03 00:00:00-05:00,-0.005847947508874518
2023-01-04 00:00:00-05:00,0.24117637406583747
2023-01-05 00:00:00-05:00,-0.07345964923540516
2023-01-06 00:00:00-05:00,0.046035821689492495
2023-01-09 00:00:00-05:00,0.19804398840108228
2023-01-10 00:00:00-05:00,0.1734693649161716
2023-01-11 00:00:00-05:00,-0.06608697642450745
2023-01-12 00:00:00-05:00,0.3091248341947481
2023-01-13 00:00:00-05:00,0.09246082491198004
2023-01-17 00:00:00-05:00,0.08984375945874512
2023-01-18 00:00:00-05:00,-0.17443250395569754
2023-01-19 00:00:00-05:00,0.06222869966297062
2023-01-20 00:00:00-05:00,0.09945497643878798
2023-01-23 00:00:00-05:00,0.11524167786180306
2023-01-24 00:00:00-05:00,-0.0222222010294596
2023-01-25 00:00:00-05:00,-0.005681839733083893
2023-01-26 00:00:00-05:00,0.0
2023-01-27 00:00:00-05:00,-0.0834285191127232
2023-01-30 00:00:00-05:00,-0.10598507892189624
2023-01-31 00:00:00-05:00,0.005578795178158957
2023-02-01 00:00:00-05:00,0.04299583094859649
2023-02-02 00:00:00-05:00,0.06382978993230615
2023-02-03 00:00:00-05:00,-0.11624997854232788
2023-02-06 00:00:00-05:00,0.0014143920511855423
2023-02-07 00:00:00-05:00,0.0028248560935075773
2023-02-08 00:00:00-05:00,-0.040845065598354435
2023-02-09 00:00:00-05:00,-0.12628489585029135
2023-02-10 00:00:00-05:00,-0.005041972089558144
2023-02-13 00:00:00-05:00,-0.011824353168792268
2023-02-14 00:00:00-05:00,0.14871793157981705
2023-02-15 00:00:00-05:00,0.18303572283867697
2023-02-16 00:00:00-05:00,-0.09308173444932022
2023-02-17 00:00:00-05:00,0.06796113294391848
2023-02-21 00:00:00-05:00,-0.0740259362264345
2023-02-22 00:00:00-05:00,0.008415139104699154
2023-02-23 00:00:00-05:00,0.012517406379922047
2023-02-24 00:00:00-05:00,-0.08379122471625078
2023-02-27 00:00:00-05:00,0.06596702431597823
2023-02-28 00:00:00-05:00,-0.0014065019260264267
2023-03-01 00:00:00-05:00,-0.08309854699656727
2023-03-02 00:00:00-05:00,-0.0384024564071237
2023-03-03 00:00:00-05:00,0.019169310091305958
2023-03-06 00:00:00-05:00,-0.009404379577318989
2023-03-07 00:00:00-05:00,-0.03639240709277147
2023-03-08 00:00:00-05:00,0.014778271509974905
2023-03-09 00:00:00-05:00,-0.1084141776807952
2023-03-10 00:00:00-05:00,-0.03266793061682127
2023-03-13,0.2570356294876819
2023-03-14,0.06417915185328105
2023-03-15,-0.005610092736466066
2023-03-16,0.07616360369977193
2023-03-17,0.07077325737269602
2023-03-20,-0.039167707303931265
2023-03-21,0.12993630488130004
2023-03-22,-0.12288609806244988
2023-03-23,0.08740357455020864
2023-03-24,-0.07683216222653866
2023-03-27,-0.08962865741276949
2023-03-28,0.012658182005721885
2023-03-29,0.10416666942614095
2023-03-30,-0.015094325589697588
2023-03-31,0.11366543448208666
2023-04-03,-0.033256875340881176
2023-04-04,0.009489907569390832
2023-04-05,-0.06815515686765394
2023-04-06,0.006305194428401162
2023-04-10,0.14035092227058388
2023-04-11,0.12417572674695831
2023-04-12,-0.02737045410561012
2023-04-13,0.15778901292406045
2023-04-14,0.03906248189095063
2023-04-17,-0.04344197545224837
2023-04-18,0.020087379890131762
2023-04-19,-0.08732880403365029
2023-04-20,-0.10694178292368284
2023-04-21,-0.06197480296408375
2023-04-24,-0.004479278889816363
2023-04-25,0.011248529126381746
2023-04-26,0.052280342491082266
2023-04-27,0.06342498721461465
2023-04-28,0.0009939636968623322
2023-05-01,-0.1281032771546221
2023-05-02,0.08769937143302164
2023-05-03,0.0
2023-05-04,0.07539269661243897
2023-05-05,0.021421548544156233
2023-05-08,-0.11058149406312723
2023-05-09,0.005359077293004111
2023-05-10,0.0895522539807514
2023-05-11,-0.14579263071053306
2023-05-12,0.02176409438951077
2023-05-15,0.06950671303319966
2023-05-16,-0.030398318974070304
2023-05-17,0.0908108273067989
2023-05-18,-0.07036670241921372
2023-05-19,-0.02132194102612306
2023-05-22,0.05337687961098392
2023-05-23,-0.036194454881934734
2023-05-24,0.01180264098212902
2023-05-25,-0.033934320057540046
2023-05-26,-0.01975843669429045
2023-05-30,0.05487119309885835
2023-05-31,0.03927811916798296
2023-06-01,0.020428989790034713
2023-06-02,0.004004000277224362
2023-06-05,-0.08374877118157775
2023-06-06,0.09684443786292674
2023-06-07,-0.05257933898637668
2023-06-08,0.0020941888680545695
2023-06-09,-0.019853666294896488
2023-06-12,-0.005330510674289468
2023-06-13,0.03751343883513125
